title,text,topic
농심 농심육개장사발면 육개장 사발면 86g,"컵라면 육개장은 세월이 가도 맛있네요. 신랑이 좋아해서 쟁여둡니다.
컵라면 육개장은 세월이 가도 맛있네요.
신랑이 좋아해서 쟁여둡니다.",좋아요
농심 농심육개장사발면 육개장 사발면 86g,"컵라면으론 육개장이 질리지 않고 괜찮
컵라면으론 육개장이 질리지 않고 괜찮아요",좋아요
농심 농심육개장사발면 육개장 사발면 86g,"컵라면은 육개장이 가성비도좋고 맛있어
컵라면은 육개장이 가성비도좋고 맛있어요",좋아요
농심 농심육개장사발면 육개장 사발면 86g,"배송이 살짝 느렸네요~가격 저렴하게 나와서 바로 구매했네요~ 컵라면은 역시 육개장 사발면이네요~
배송이 살짝 느렸네요~
가격 저렴하게 나와서 바로 구매했네요~ 컵라면은 역시 육개장 사발면이네요~",좋아요
농심 농심육개장사발면 육개장 사발면 86g,"싼가격에 컵라면을 대량으로 싸게 살 수 있어서 좋았어요. 육개장은 역시 이 컵라면인거 같아요
싼가격에 컵라면을 대량으로 싸게 살 수 있어서 좋았어요. 육개장은 역시 이 컵라면인거 같아요",좋아요
농심 농심육개장사발면 육개장 사발면 86g,"컵라면 잘 안 먹는데 오랜만에 먹어봤
컵라면 잘 안 먹는데 오랜만에 먹어봤는데 맛있게 먹었어요",좋아요
농심 농심육개장사발면 육개장 사발면 86g,"컵라면은 역쉬 육계장라면이죵~맛있어요~~^^
컵라면은 역쉬 육계장라면이죵~맛있어요~~^^",좋아요
농심 농심육개장사발면 육개장 사발면 86g,"간편하게 컵라면 좋아요
간편하게 컵라면 좋아요",좋아요
농심 농심육개장사발면 육개장 사발면 86g,"옛생각나서 구매했는데 그냥그래요. 진라면컵라면이 더 맛...
옛생각나서 구매했는데 그냥그래요. 진라면컵라면이 더 맛있는것같네요",좋아요
농심 농심육개장사발면 육개장 사발면 86g,"컵라면 이라면 육개장 사발면이 제일 먼저 떠오르죠
컵라면 이라면 육개장 사발면이 제일 먼저 떠오르죠",좋아요
농심 농심육개장사발면 육개장 사발면 86g,"맛있어요~~~컵라면은 이게진리~^^
맛있어요~~~컵라면은 이게진리~^^",좋아요
농심 농심육개장사발면 육개장 사발면 86g,"컵라면
컵라면 농심 육개장 맛있어요",좋아요
농심 농심육개장사발면 육개장 사발면 86g,"비상용컵라면~ 용기가 좀 맘에 걸리지만 맛있어서..
비상용컵라면~ 용기가 좀 맘에 걸리지만 맛있어서..",좋아요
삼양 불닭볶음면 140g,"컵라면인줄 알고 샀네요 ㅋㅋ 잘 먹을께요
컵라면인줄 알고 샀네요 ㅋㅋ
잘 먹을께요",좋아요
농심 신라면 65g,"컵라면오래간만에주문해보네요.. 약간맵
컵라면오래간만에주문해보네요..
약간맵고스프가맛있어요..",좋아요
농심 신라면 65g,"비상용 컵라면은 신라면 맛나요
비상용 컵라면은 신라면 맛나요",좋아요
농심 신라면 65g,"역시 라면은 농심 신라면이죠. 컵라연도 신라면. 쵝오입니다.
역시 라면은 농심 신라면이죠. 컵라연도 신라면. 쵝오입니다.",좋아요
농심 신라면 65g,"컵라면은 항상 진라면으로 먹었었는대 신라면 함번 사봤어요 신라면 컵라면은 역시 융프라우에서 먹었던 것이 최고 ㅋ
컵라면은 항상 진라면으로 먹었었는대 신라면 함번 사봤어요 신라면 컵라면은 역시 융프라우에서 먹었던 것이 최고 ㅋ",좋아요
농심 신라면 65g,"신라면 컵
6입. 휴대하기. 작아서 좋어요",좋아요
농심 신라면 65g,"가볍게 한끼를 컵라면 굿
가볍게 한끼를 컵라면 굿",좋아요
농심 신라면 65g,"출출할 때 먹는 컵라면
출출할 때 먹는 컵라면",좋아요
농심 신라면 65g,"신라면은 컵이 진리
신라면은 컵이 진리",좋아요
농심 신라면 65g,"소컵라면은 역시 신라면인것같네요.
소컵라면은 역시 신라면인것같네요.",좋아요
농심 신라면 65g,"신라면 컵라면 6개입 깔끔한 포장!
신라면 컵라면 6개입
깔끔한 포장!",좋아요
농심 신라면 65g,"컵라면은 신라면이라 샀어요
컵라면은 신라면이라 샀어요",좋아요
농심 신라면 65g,"컵라면은 신라면 맛나요
컵라면은 신라면 맛나요",좋아요
농심 신라면 65g,"컵라면 신라면 작은게 맛있는듯해요~~~ 스마일배송 주문...
컵라면 신라면 작은게 맛있는듯해요~~~
스마일배송 주문하면서 주문했어요~
빠르고 좋아요 ^^",좋아요
농심 신라면 65g,"좋아요. 라면은 신라면 컵라면도 신라면이 무난하네요.
좋아요. 라면은 신라면 컵라면도 신라면이 무난하네요.",좋아요
농심 신라면 65g,"좋아요
가성비가좋고,즐겨먹는 컵라면입니다.",좋아요
농심 신라면 65g,"신컵만 먹는댕 싸게 잘 샀네영 ...
신컵만 먹는댕 싸게 잘 샀네영 ...",좋아요
농심 신라면 65g,"맛있는신라면 소컵이 왠지맛있다 느껴지더라구요
맛있는신라면 소컵이 왠지맛있다 느껴지더라구요",좋아요
농심 신라면 65g,"맛나네요 큰거보단 요작은컵이 더맛있네요저녁에 부담없이간단하게 좋네요
맛나네요 큰거보단 요작은컵이 더맛있네요
저녁에 부담없이간단하게 좋네요",좋아요
농심 신라면 65g,"라면은 역시 신라면이죠. 컵라면도 괜찮아요
라면은 역시 신라면이죠. 컵라면도 괜찮아요",좋아요
농심 신라면 65g,"애들이좋아하는 컵라면 이라 잘먹을게요
애들이좋아하는 컵라면 이라 잘먹을게요",좋아요
농심 신라면 65g,"신라면컵
온라인주문 간편해요",좋아요
오뚜기 진라면 순한맛 120g,"ㅎㅎ
커피/음료 > 탄산/청량음료 > 기타탄산음료일화 초정토닉워터 250ml 30캔/탄산시원허다",좋아요
오뚜기 컵누들 매콤한맛 37.8g,"컵누들 맛있음
기름지지 않아서 먹고난후 속이 더부룩함이 없음야식 땡길때 먹기 좋아요",좋아요
오뚜기 컵누들 매콤한맛 37.8g,"컵누들맛있어서 항상 주문해서 먹어요
컵누들맛있어서 항상 주문해서 먹어요",좋아요
오뚜기 컵누들 매콤한맛 37.8g,"컵누들 매콥한맛 순한맛 보다는 괜찮은것 같아요
컵누들 매콥한맛 순한맛 보다는 괜찮은것 같아요",좋아요
오뚜기 컵누들 매콤한맛 37.8g,"컵누들
간단히 가벼이 먹기 좋아 애용합니다.",좋아요
오뚜기 컵누들 매콤한맛 37.8g,"컵누들
매콤 입맛에맞아 구입합니다",좋아요
오뚜기 컵누들 매콤한맛 37.8g,"늘구매 컵누들 맛있어요
늘구매 컵누들 맛있어요",좋아요
오뚜기 컵누들 매콤한맛 37.8g,"컵누들
자주 먹는 컵누들 저렴하게 잘 샀습니다.",좋아요
오뚜기 컵누들 매콤한맛 37.8g,"믿고 먹는 컵누들이죠ㅎ 잘먹겠습니다.
믿고 먹는 컵누들이죠ㅎ 잘먹겠습니다.",좋아요
오뚜기 컵누들 매콤한맛 37.8g,"누들컵면
출출할때 간단하게 먹기좋아요",좋아요
오뚜기 컵누들 매콤한맛 37.8g,"컵누들
남의집 무인함으로 배송갔고며칠간 헤매다 찾았네요스마일배송이 이상해졌어요컵누들 매워요",별로이다
농심 농심김치사발면 김치 사발면 86g,"잘 받았어요
컵라면 중에 맛있는 편이네요",좋아요
농심 농심김치사발면 김치 사발면 86g,"가장 좋아하는 컵라면이에요
가장 좋아하는 컵라면이에요",좋아요
농심 농심김치사발면 김치 사발면 86g,"젤 맛잇는컵라면ㅋㅋ
젤 맛잇는컵라면ㅋㅋ",좋아요
농심 농심김치사발면 김치 사발면 86g,"김치사발면
우리가족 최애 컵라면인 김치사발면맛있게 먹을게요.",좋아요
농심 농심김치사발면 김치 사발면 86g,"좋아요
육개장컵 김치사발면 파손없이 잘 받았습니다 국물이 시원해서 맛있습니다 유통기한도 긴편이에요",좋아요
농심 농심김치사발면 김치 사발면 86g,"저희부부는 다른컵라면안먹어유 김치사발면이 젤 맛있음 ㅎㅎ
저희부부는 다른컵라면안먹어유
김치사발면이 젤 맛있음 ㅎㅎ",좋아요
농심 농심김치사발면 김치 사발면 86g,"컵라면하면 육개장 사발면 아닙니까 저
컵라면하면 육개장 사발면 아닙니까 저렴한 가격에 잘샀어요",좋아요
삼양 불닭볶음면 큰컵 105g,"우리가족이 늘 먹는~~봉지보다 컵이 더 맛있어요.할인된 금액에 싸게 잘 샀어요~~
우리가족이 늘 먹는~~
봉지보다 컵이 더 맛있어요.
할인된 금액에 싸게 잘 샀어요~~",좋아요
삼양 불닭볶음면 큰컵 105g,"역시 매콤하니
매운게 땡길땐 이만한게 없죠매콤하고 간편하게컵라면 용기로 금방 빠르게 먹을수 있네요유통기한도 넉넉하고 배송도 빠르네요얼른 삼겹살 구워서 한입같이 해야겠네요",좋아요
오뚜기 진짬뽕 130g,"컵라면이 맛있어서 구매했어요
근데 봉지라면 맛이 다른것이좀 떨어지는 느낌입니다",별로이다
오뚜기 육개장 104g,"좋아요
최애하는 컵라면이 육개장이라 요번에 득템하여 먹었어요. 용량이 많아 하나만 먹어도 배가 차네요. 근데 용기가 스티로폼이라 그냥 사기 면기에 면과 스프넣고 뜨꺼운 물 부어 전자레인지에 돌려 먹었어요. 기왕이면 전자레인지 사용 가능한 용기면 좋겠어요. 컵라면을 전자레인지에 살짝 돌리면 면이 더 쫄깃하고 맛있어요.",좋아요
오뚜기 육개장 104g,"잘받았습니다
아들이 소컵이 작다고해서 시켜줬어요 배고플때 간식으로 컵라면이 최고지요",좋아요
오뚜기 육개장 104g,"비상용으로 ㅎㅎ 컵라면 저렴하게 잘 구매했어요~
비상용으로 ㅎㅎ 컵라면 저렴하게 잘 구매했어요~",좋아요
오뚜기 육개장 104g,"만족합니다
빠른배송과 저렴한가격 만족합니다.다만 컵라면 몇개가 찌그러져서 왔습니다.",좋아요
오뚜기 육개장 104g,"라면 가격이 많이 올랐네요
라면 가격이 많이 올랐네요. 지난 빅세일 떄에는 개당 422원에 구입했는데 이번에는 빅세일 쿠폰 적용해도 개당 604원이네요. 그래도 다른 컵라면보다 싸니까 구매했습니다.",가격 언급
오뚜기 육개장 104g,"컵라면
가격이 농심보다는 싸서 샀고 맛은 농심보다 떨어져요.",별로이다
오뚜기 육개장 104g,"컵라면용량이많아서 시켰네요 ㅎ 맛은 김치사발면이 더좋은...
컵라면용량이많아서 시켰네요 ㅎ
맛은 김치사발면이 더좋은데 가성비생각해서리...",좋아요
팔도 틈새라면 빨계떡 120g,"확실히 맵워요 우유가 필수네요
확실히 맵워요 우유가 필수네요",좋아요
오뚜기 참깨라면 115g,"컵라면먹다올맛인데...면이두꺼진듯...컵라면에길들여졌나...
컵라면먹다올맛인데...면이두꺼진듯...컵라면에길들여졌나봐요^^;;",별로이다
오뚜기 참깨라면 115g,"컵라면이랑 가격차이가 별로 안 나네요. 좀더 저렴하면 좋겠습니다.
컵라면이랑 가격차이가 별로 안 나네요. 좀더 저렴하면 좋겠습니다.",가격 언급
오뚜기 참깨라면 115g,"안전하게 도착했어요 그런데 17일 주문한 컵라면은...
안전하게 도착했어요 그런데
17일 주문한 컵라면은 언제 배송되나요",배송 문제
농심 신라면 건면 97g,"컵라면으로 먹어보고 맛있어서 샀어요. 역시 맛이 좋네요. 많이 파세요.
컵라면으로 먹어보고 맛있어서 샀어요. 역시 맛이 좋네요. 많이 파세요.",좋아요
오뚜기 참깨라면 110g,"맛잇어요
컵라면 중 최고 잘먹어요",좋아요
오뚜기 참깨라면 110g,"그냥 무난하고 컵라면 쟁여놓고 먹기 좋은거 같아요
그냥 무난하고 컵라면 쟁여놓고 먹기 좋은거 같아요",좋아요
오뚜기 참깨라면 110g,"한개가 찌그러져서 별하나 뺏어요 참깨라면은 컵라면이 ...
한개가 찌그러져서 별하나 뺏어요 참깨라면은 컵라면이 더맛있어요",별로이다
오뚜기 참깨라면 110g,"굿
최애템입니다 컵라면은 참깨라면-컵라면 전자렌지 1.45초",좋아요
오뚜기 참깨라면 110g,"오뚜기 참깨라면 용기 큰컵 110g 12개
간식으로 계속 주문하는 제품 입니다.",좋아요
오뚜기 진라면컵 매운맛 65g,"간식용으로 작은컵 좋아요 맛나쥬 진라면
간식용으로 작은컵 좋아요 맛나쥬 진라면",좋아요
오뚜기 진라면컵 매운맛 65g,"작은컵 라면중에 가장 맛있습니다. 회, 고기, 밥 등등 뭐랑 먹어도 잘 어울려요.
작은컵 라면중에 가장 맛있습니다. 회, 고기, 밥 등등 뭐랑 먹어도 잘 어울려요.",좋아요
오뚜기 진라면컵 매운맛 65g,"소컵사이즈라 출출할때 먹기 좋아요.
소컵사이즈라 출출할때 먹기 좋아요.",좋아요
오뚜기 진라면컵 매운맛 65g,"진라면 컵 간편하고 맛있어요.
진라면 컵 간편하고 맛있어요.",좋아요
오뚜기 진라면컵 매운맛 65g,"소컵이 맛있어요~~
소컵이 맛있어요~~",좋아요
오뚜기 진라면컵 매운맛 65g,"진컵 맛있어요 ㅎㅎㅎ가볍게 먹기좋아요
진컵 맛있어요 ㅎㅎㅎ가볍게 먹기좋아요",좋아요
오뚜기 진라면컵 매운맛 65g,"면 굵기도 적당하고 컵라면 중엔 제일
면 굵기도 적당하고 컵라면 중엔 제일 나은거같네요",좋아요
오뚜기 진라면컵 매운맛 65g,"편하게 즐겨먹는 컵라면~~ 세일중이어서 주문해 봤습니다~ 잘 먹겠습니다.
편하게 즐겨먹는 컵라면~~
세일중이어서 주문해 봤습니다~
잘 먹겠습니다.",좋아요
오뚜기 진라면컵 매운맛 65g,"ㅎㅎ
가공식품 > 라면 > 컵라면진라면 소컵(6입)/라면/컵라면/",좋아요
오뚜기 진라면컵 매운맛 65g,"자주 애용하는 컵라면~~제입엔 맛나요
자주 애용하는 컵라면~~제입엔 맛나요",좋아요
오뚜기 진라면컵 매운맛 65g,"간단하게 컵라면도 괜찮아요.
간단하게 컵라면도 괜찮아요.",좋아요
오뚜기 진라면컵 매운맛 65g,"컵라면 자주 쟁여놓고 먹는 비상식임
컵라면 자주 쟁여놓고 먹는 비상식임",좋아요
오뚜기 진라면컵 매운맛 65g,"진라면 소컵 간식으로 딱이에요 양이
진라면 소컵 간식으로 딱이에요 양이",좋아요
오뚜기 진라면컵 매운맛 65g,"컵라면 소컵 한번씩 먹기 좋아요 맛도
컵라면 소컵 한번씩 먹기 좋아요 맛도 괜찮고",좋아요
오뚜기 진라면컵 매운맛 65g,"출출할때 간식으로먹게되는 컵라면
출출할때 간식으로
먹게되는 컵라면",좋아요
오뚜기 진라면컵 매운맛 65g,"컵라면 중에서 싸가지고 샀어요
컵라면 중에서 싸가지고 샀어요",좋아요
오뚜기 진라면컵 매운맛 65g,"맛있겠죠. 컵라면이잖아요.ㅎ
맛있겠죠. 컵라면이잖아요.ㅎ",좋아요
오뚜기 진라면컵 매운맛 65g,"진라면컵면 행사해서 샀어요
진라면컵면 행사해서 샀어요",좋아요
오뚜기 진라면컵 매운맛 65g,"매운맛 진라면은 오래되면 샴프냄세납니다. !!
매운맛 진라면은 오래되면 샴프냄세납니다. !!",별로이다
팔도 왕뚜껑 110g,"좋아요
컵라면은왕뚜껑이죠ㅋ",좋아요
팔도 왕뚜껑 110g,"맛있어요
아들이 젤 좋아하는 컵라면이에요",좋아요
농심 큰사발 튀김우동 111g,"평소 농심 컵라면류를 즐겨 먹고있습니다.갑자기 우동 생각이 나서 주문했는데 고속도로 휴게소의 그 맛은 못느끼겠어요.라면은 역시 라면입니다.
평소 농심 컵라면류를 즐겨 먹고있습니다.
갑자기 우동 생각이 나서 주문했는데 고속도로 휴게소의 그 맛은 못느끼겠어요.
라면은 역시 라면입니다.",별로이다
오뚜기 컵누들 우동맛 38.1g,"컵누들 넘 맛있어요~앞으로 계속이용할것 같어요~
컵누들 넘 맛있어요~앞으로 계속이용할것 같어요~",좋아요
오뚜기 컵누들 우동맛 38.1g,"컵누들
상품 배송 잘받았어요.컵누들 우동맛 맛있어요 ~",좋아요
오뚜기 컵누들 우동맛 38.1g,"컵누들
다이어트하는데 라면 먹고플때 먹어요",좋아요
오뚜기 컵누들 우동맛 38.1g,"컵누들
배송빠르게 잘받았어요",좋아요
농심 신라면 120g,"라면 중에서는 신라면이 제일 맛있어요~ 그런데 요즘 라면 가격이 너무 비싸서 아쉬워요
라면 중에서는 신라면이 제일 맛있어요~ 그런데 요즘 라면 가격이 너무 비싸서 아쉬워요",가격 언급
농심 신라면 120g,"맛있어요 라면중에는 신라면이 제일맛나요
맛있어요 라면중에는 신라면이 제일
맛나요",좋아요
농심 신라면 120g,"할인해서 구매했습니다. 역시 라면은
할인해서 구매했습니다.
역시 라면은 신라면이 제일 좋은 것 같습니다.",좋아요
농심 신라면 120g,"이번에는 신라면으로...할인까지 해서 좋아요
이번에는 신라면으로...
할인까지 해서 좋아요",좋아요
농심 신라면 120g,"역시 신라면 맛있습니다~ 좋은가격에 샀네요
역시 신라면 맛있습니다~ 좋은가격에 샀네요",좋아요
농심 신라면 120g,"세일할때 샀어요. 신라면이 제일 좋아
세일할때 샀어요. 신라면이 제일 좋아요",좋아요
농심 신라면 120g,"먹어도 질리지 않는건 신라면이에요
먹어도 질리지 않는건 신라면이에요",좋아요
농심 신라면 120g,"부숴먹는데 신라면이 최고라..
부숴먹는데 신라면이 최고라..",좋아요
농심 신라면 120g,"그냥 신라면이 제일 무난함
그냥 신라면이 제일 무난함",좋아요
농심 신라면 120g,"오** 사건이후 신라면으로 돌아옴
오** 사건이후 신라면으로 돌아옴",좋아요
농심 신라면 120g,"식구들이 신라면만 찾네요
식구들이 신라면만 찾네요",좋아요
농심 신라면 120g,"우리가 믿고먹는 신라면
우리가 믿고먹는 신라면",좋아요
농심 신라면 120g,"크게할인은 안됐ㅈㅣ만 라면은 역시 신
크게할인은 안됐ㅈㅣ만
라면은 역시 신라면",좋아요
농심 신라면 120g,"라면은 신라면이쥬 굿임다
라면은 신라면이쥬 굿임다",좋아요
농심 신라면 120g,"라면은 결국 신라면이죠
라면은 결국 신라면이죠",좋아요
농심 신라면 120g,"라면은 신라면 면면
라면은 신라면 면면",좋아요
농심 신라면 120g,"하면흐 하면 라면은 신라면
하면흐 하면 라면은 신라면",좋아요
농심 신라면 120g,"라면의 신~라면 신라면
라면의 신~라면 신라면",좋아요
농심 신라면 120g,"신라면
신라면 ㅡㅡㅡㅡㅡㅡㅡㅡㅡㅡㅡㅡ",좋아요
농심 신라면 120g,"신라면 좋아요
워낙 신라면을 좋아라해서 가격도 괜찮고조금 아쉬운점은 묶음봉지에 먼지가 앉아있고 라면 몇개가 부서진것도 있네요",좋아요
오뚜기 진라면 매운맛 120g,"편하게 부담없이 신라면보다 맛있어요
편하게 부담없이 신라면보다 맛있어요",좋아요
농심 올리브 짜파게티 140g,"좋아요
무슨 라면을 새로 만들었네.., 뭐가 좋은 라면이다 해도 신라면만큼 끓여도 생으로 먹어도 만족을 주는 것은 신라면 뿐이지요. 아무리 많은 양을 사다 두어도 제일 빨리 없어지는 거는 신라면. 그래서 세일할 때마다 쟁여두는 데 . 전쟁으로 라면값 올라 망설였는데. 이곳이 그래도 가격이 메리트있어서 구입했는데 리뷰 사진 찍기도 전에 두봉 끓여 먹었다는 거죠.",좋아요
오뚜기 열 라면 120g,"좋아요
예전보다 가격이 좀 오르긴했지만 농심에 비하면 오른 것도 아님 ㅋ 개인적으론 신라면보다 맛나요",좋아요
농심 신라면 65g,"라면은 신라면인듯 역쉬 맛있어요
라면은 신라면인듯 역쉬 맛있어요",좋아요
농심 신라면 65g,"신라면으로 바꿔봤음~~
신라면으로 바꿔봤음~~",좋아요
농심 신라면 65g,"라면은 농심 농심하면 신라면
라면은 농심 농심하면 신라면",좋아요
농심 신라면 65g,"다른제품보다 역시 신라면이 제일 입맛에 맞네요.
다른제품보다 역시 신라면이 제일 입맛에 맞네요.",좋아요
농심 신라면 65g,"역시 신라면 맛있어요~~
역시 신라면 맛있어요~~",좋아요
농심 신라면 65g,"라면은 진라면 신라면 맛있는라면~ 다
라면은 진라면 신라면 맛있는라면~
다 좋아요.
신라면 좋아합니다.
~
맛나요~",좋아요
농심 신라면 65g,"명불허전 신라면. 간편하게 최고죠.
명불허전 신라면. 간편하게 최고죠.",좋아요
농심 신라면 65g,"신라면이 라면 중 가장 익숙한데 가격
신라면이 라면 중 가장 익숙한데 가격이 비싸고 너무 매워진 것 같아요",좋아요
농심 신라면 65g,"잘 받았습니다. 신라면 요즘 왜이리 비싼가요
잘 받았습니다. 신라면 요즘 왜이리 비싼가요",가격 언급
삼양 삼양라면 120g,"잘 받았어요 라면 값이 오른다 해서 샀어요 삼양 라면과...
잘 받았어요 라면 값이 오른다 해서 샀어요 삼양 라면과 신라면 최애예요 좋아요 스테디셀러예요 감사합니다",좋아요
삼양 삼양라면 120g,"삼양라면 좋아하는 신랑때문에 사요
삼양라면 좋아하는 신랑때문에 사요",좋아요
삼양 삼양라면 120g,"라면은 역시 신라면
라면은 역시 신라면",좋아요
더본코리아 더본 빽쿡 빽라면 115g,"신라면 플러스 참깨라면 아들 평 입니다
신라면 플러스 참깨라면 아들 평 입니다",좋아요
더본코리아 더본 빽쿡 빽라면 115g,"매운정도는 신라면 맛은 미역이 들어가서 그런지 깔끔한 너구리 먹는 느낌도 나는거 저만 그런건가요?^^ 괜찮아요~
매운정도는 신라면 맛은 미역이 들어가서 그런지 깔끔한 너구리 먹는 느낌도 나는거 저만 그런건가요?^^ 괜찮아요~",좋아요
더본코리아 더본 빽쿡 빽라면 115g,"신라면과 비슷한 적당히 맛있는 맛
신라면과 비슷한 적당히 맛있는 맛",좋아요
더본코리아 더본 빽쿡 빽라면 115g,"신라면 진라면..그사이같은..매운걸 좋아해서 저는 덜매웠지만..그래도 괜찮은편
신라면 진라면..그사이같은..매운걸 좋아해서 저는 덜매웠지만..그래도 괜찮은편",좋아요
더본코리아 더본 빽쿡 빽라면 115g,"전 별룬데 동생은 첫맛에 낌짝 놀라네요. 너무 맛있다고.. 진라면과 신라면의 중간쯤 그 어딘가 싶네요.
전 별룬데 동생은 첫맛에 낌짝 놀라네요. 너무 맛있다고.. 진라면과 신라면의 중간쯤 그 어딘가 싶네요.",좋아요
농심 신라면 120g,"뽀개먹어도 맛있고 끓여 먹어도 맛있고..ㅎ
뽀개먹어도 맛있고 끓여 먹어도 맛있고..ㅎ",좋아요
농심 신라면 120g,"농심 신라면을 청양고추 하나 넣어서
농심 신라면을 청양고추 하나 넣어서 비올때 끓여먹으면 아주 맛있어요",좋아요
오뚜기 진라면 매운맛 120g,"항상 주문해서 끓여 먹는데 매콤한게 맛있어요.
항상 주문해서 끓여 먹는데 매콤한게 맛있어요.",끓여도 뿌셔도 맛있는
농심 안성탕면 125g,"안성탕면 끓여도 생으로 먹어도 맛있어
안성탕면 끓여도 생으로 먹어도 맛있어요",끓여도 뿌셔도 맛있는
농심 안성탕면 125g,"뿌셔먹어도 끓여도 맛있는 안성탕면
뿌셔먹어도 끓여도 맛있는 안성탕면",끓여도 뿌셔도 맛있는
농심 안성탕면 125g,"맛있게 뽀개먹고 끓여먹고
맛있게 뽀개먹고 끓여먹고",끓여도 뿌셔도 맛있는
농심 안성탕면 125g,"끓여먹어도 맛있고 뿌셔먹어도 맛있음^
끓여먹어도 맛있고 뿌셔먹어도 맛있음^^ 최고",끓여도 뿌셔도 맛있는
농심 안성탕면 125g,"보통이에요
오랫만에 시켰는데 이라면은 끓으면서 뿔어국물이 없어진다는점 맛없음",끓여도 뿌셔도 맛있는
농심 안성탕면 125g,"생라면으로 먹으면 맛나고~ 끓여먹어도
생라면으로 먹으면 맛나고~ 끓여먹어도 맛남^^",끓여도 뿌셔도 맛있는
농심 올리브 짜파게티 140g,"매운짜장이 먹고 싶을때 삼양불닭면과
매운짜장이 먹고 싶을때 삼양불닭면과 함께 끓여 먹으면 좋아요.",끓여도 뿌셔도 맛있는
농심 올리브 짜파게티 140g,"너구리와 같이 끓이면 맛있어요
너구리와 같이 끓이면 맛있어요",끓여도 뿌셔도 맛있는
농심 얼큰한 너구리 120g,"청량초 넣코 끓이면맛나요 ^^😀
청량초 넣코 끓이면

맛나요 ^^😀",끓여도 뿌셔도 맛있는
농심 얼큰한 너구리 120g,"가끔 딸이 끓여서 한 젓가락 먹으면 맛있더라고요.
가끔 딸이 끓여서 한 젓가락 먹으면 맛있더라고요.",끓여도 뿌셔도 맛있는
농심 얼큰한 너구리 120g,"사정없이 부서져서 왔어요...이번엔 면치기 포기하고 다 끓여 먹었습니다
사정없이 부서져서 왔어요...
이번엔 면치기 포기하고
다 끓여 먹었습니다",끓여도 뿌셔도 맛있는
삼양 불닭볶음면 140g,"잘받았습니다
매운음식이 먹고 싶을때 한번씩 끓여 먹으면 좋아요 ~",끓여도 뿌셔도 맛있는
오뚜기 열 라면 120g,"신랑이 좋아하는 라면 해물넣고 끓여 먹으면 끝내줘요
신랑이 좋아하는 라면
해물넣고 끓여 먹으면 끝내줘요",끓여도 뿌셔도 맛있는
오뚜기 열 라면 120g,"청량초 넣코 끓이면맛나요 ^^😀
청량초 넣코 끓이면

맛나요 ^^😀",끓여도 뿌셔도 맛있는
오뚜기 열 라면 120g,"많이 맵고 순두부 열라면 같이 끓이면
많이 맵고 순두부 열라면 같이 끓이면 맛있어요",끓여도 뿌셔도 맛있는
오뚜기 열 라면 120g,"배송에 만족하며 배송된 열라면 생활 속 끼니 해결 먹거...
배송에 만족하며 배송된 열라면 생활 속 끼니 해결 먹거리 대용품으로 즐겁게 잘 활용하여 시나브로 잘 끓여 먹게습니다..",끓여도 뿌셔도 맛있는
삼양 삼양라면 120g,"누룽지 넣고 끓여 먹으면 더 맛있어
누룽지 넣고 끓여 먹으면 더 맛있어요",끓여도 뿌셔도 맛있는
삼양 삼양라면 120g,"오자마자 끓여먹음.. ...
오자마자 끓여먹음.. ...",끓여도 뿌셔도 맛있는
오뚜기 진라면 순한맛 120g,"매운고추 조금 넣어 끓이면 맛있는라면이 돼요
매운고추 조금 넣어 끓이면 맛있는
라면이 돼요",끓여도 뿌셔도 맛있는
오뚜기 진라면 순한맛 120g,"애들 끓여주려고 순한맛으로 픽
애들 끓여주려고 순한맛으로 픽",끓여도 뿌셔도 맛있는
팔도 비빔면 130g,"가끔 끓여서 먹는데 맛나요
가끔 끓여서 먹는데 맛나요",끓여도 뿌셔도 맛있는
농심 신라면 건면 97g,"면이 잘 안익어요한참 끓여야해요
면이 잘 안익어요
한참 끓여야해요",끓여도 뿌셔도 맛있는
농심 신라면 건면 97g,"건면건면 하길래 주문해봣어요! 스프 없이 면만 끓여서 그 물을 버리고 새물에 스프넣어서 끓인맛이네요! ㅎㅎ
건면건면 하길래 주문해봣어요! 스프 없이 면만 끓여서 그 물을 버리고 새물에 스프넣어서 끓인맛이네요! ㅎㅎ",끓여도 뿌셔도 맛있는
농심 신라면 건면 97g,"양이 적네요. 2봉지는 끓여야할듯
양이 적네요. 2봉지는 끓여야할듯",끓여도 뿌셔도 맛있는
팔도 왕뚜껑 110g,"라면 끓이기 싫을때
라면 끓이기 싫을때",끓여도 뿌셔도 맛있는
농심 오징어짬뽕 124g,"맛나요
오늘 오짬 받았어요 아들이랑 맛있게 끓여 먹어야겠네요ㅎ",끓여도 뿌셔도 맛있는
농심 오징어짬뽕 124g,"오징어를 더 넣고 끓이면 👍
오징어를 더 넣고 끓이면 👍",끓여도 뿌셔도 맛있는
더본코리아 더본 빽쿡 빽라면 115g,"딸이 그냥 그렇데요. 콩나물넣어 끓인게 더 맛있다네요.
딸이 그냥 그렇데요. 콩나물넣어 끓인게 더 맛있다네요.",끓여도 뿌셔도 맛있는
농심 사리곰탕면 110g,"떡라면끓여먹으면 맛있어요
떡라면끓여먹으면 맛있어요",끓여도 뿌셔도 맛있는
농심 신라면 120g,"박스가 좀 찢어져 있네요...라면도 부서져 있고요. 특히 너구리가요. 그래도 가격이 착한것 같아 넘어갑니다..ㅜㅜ
박스가 좀 찢어져 있네요...
라면도 부서져 있고요. 특히 너구리가요. 그래도 가격이 착한것 같아 넘어갑니다..ㅜㅜ",배송 문제
농심 신라면 120g,"라면주문은 좀 아쉽네요.
라면주문은 좀 아쉽네요. 대분분 이런 제품은 공기넣은 비닐이 함께 동봉되지 않나요? 라면을 온라인상으로 주문한게 처음인데...부서져 가루가 많았네요.",배송 문제
농심 신라면 120g,"선물용으로 구매했는데 제품박스에 송장테이프가 부착되어있어 안좋습니다.
선물용으로 구매했는데 제품박스에 송장테이프가 부착되어있어 안좋습니다.",배송 문제
농심 신라면 120g,"물건은 받았습니다. 박스가 완전 다 찢어져 와서 면이 부숴져 있어 많이 속상하네요 배송관련 신경좀 써주세요~
물건은 받았습니다. 박스가 완전 다 찢어져 와서 면이 부숴져 있어 많이 속상하네요 배송관련 신경좀 써주세요~",배송 문제
농심 농심육개장사발면 육개장 사발면 86g,"6개씩 박스에 말고 한개씩 낱개로 왔네요 그래도 찌그러지지 않고 잘 왔어요 저렴하게 잘 샀어요
6개씩 박스에 말고 한개씩 낱개로 왔네요 그래도 찌그러지지 않고 잘 왔어요 저렴하게 잘 샀어요",배송 문제
농심 농심육개장사발면 육개장 사발면 86g,"비닐로 포장되있는 쪽을 테이프로 붙여서 보내주셔서 비닐이 뜯어지네요.이 부분 빼고는 저렴히 잘 구매한 것 같아요
비닐로 포장되있는 쪽을 테이프로 붙여서 보내주셔서 비닐이 뜯어지네요.

이 부분 빼고는 저렴히 잘 구매한 것 같아요",배송 문제
오뚜기 진라면 매운맛 120g,"원래 한 박스에 들어 있던 라면들이 번들 각각으로 박스...
원래 한 박스에 들어 있던 라면들이 번들 각각으로 박스에 들어있어서 정리지연되어 아쉬웠어요.
스마일배송 추가주문 상품과 함께 와서 인듯 한데 본박스는 그대로 넣고 포장했으면 박스째 보관하기 좋았을 듯 합니다.
라면들도 부딪혀서 부스러기가 더 생길 수도 있으니까요.",배송 문제
오뚜기 진라면 매운맛 120g,"박스파손
박스가 여기저기 찢어지고 뜯어지고ㅜㅜ.라면은 온전할까요?",배송 문제
농심 안성탕면 125g,"시킬때마다 꼭 넣는 라면~~ 포장에 비닐봉투가 너무 남발되서 불편했음
시킬때마다 꼭 넣는 라면~~
포장에 비닐봉투가 너무 남발되서 불편했음",배송 문제
농심 안성탕면 125g,"포장박스가 파손되어 왔어요
포장박스가 파손되어 왔어요",배송 문제
농심 안성탕면 125g,"고메 치즈돈까스가 뜯겨서 왔네요 가루
고메 치즈돈까스가 뜯겨서 왔네요 가루가 바닥에 떨어지고 난리났음 포장을 잘못한건지 신경좀 써주세요",배송 문제
농심 올리브 짜파게티 140g,"라면류는 큰비닐에 다시 안넣어주셔도 될듯합니다. 분류체계상 어쩔수가 없는건지 몰겠습니다만 조금 아쉬웠어요.
라면류는 큰비닐에 다시 안넣어주셔도 될듯합니다. 분류체계상 어쩔수가 없는건지 몰겠습니다만 조금 아쉬웠어요.",배송 문제
삼양 불닭볶음면 140g,"스마일배송 박스에 이것 저것 넣어서 오다보니 박스도 찌...
스마일배송 박스에 이것 저것 넣어서 오다보니 박스도 찌그러지고 봉지도 터져서 왔어요....",배송 문제
오뚜기 열 라면 120g,"저렴하게 샀어요 박스가 조금 파손되기느했지만 라면은 괜찮네요
저렴하게 샀어요 박스가 조금 파손되기느했지만 라면은 괜찮네요",배송 문제
오뚜기 열 라면 120g,"보통이에요
28일수요일마트데이8봉18810원에주문30일금요일날 받았어요한달반즘**프에서8봉 13400원에두박스샀는데라면값오른다는말에사러갔는데11번가보다 더비싸졌드라구요할수없이 더오를까봐한박스라도사노을라고이천원정도내릴때쟁겨두러고샀어요울집최애라면입니다~얼큰하니맛나요",배송 문제
삼양 삼양라면 120g,"잘 받았습니다
라면값이 많이 올랐 습니다.번들 한두개씩 사다 먹었는데 박스로 사니 좀 저렴한거 같아 한박스 들여 놓습니다.조금 저렵히ㅣ네요",배송 문제
오뚜기 컵누들 매콤한맛 37.8g,"포장은 다소 적절하지 않았던 것 같습니다. 대체적으로는...
포장은 다소 적절하지 않았던 것 같습니다. 대체적으로는 괜찮은 것 같습니다.",배송 문제
농심 농심김치사발면 김치 사발면 86g,"가격대비 대 만족입니다.사발면이라서
가격대비 대 만족입니다.사발면이라서 배송시 변형되고 찌그러질까 걱정했는데 포장이 너무 깔끔하고 버리기도 쉬운 봉지라서 간편합니다",배송 문제
팔도 비빔면 130g,"맛있는 비빔면 잘 먹고 있어요
최애 비빔면 잘 받았어요식구들은 타사 비빔면 종류가 많음에도 불구하고팔도 비빔면만 고집한답니다배송도 빠르고 저렴히 잘 샀어요요기까지는 다 만족하고...단 하나 면이 조금 많이 부서져서 봉지를 뜯으니 부스러기가 바닥에 떨어져서 뒷처리하느라 좀 힘들었어요이부분 말고는 다 좋았어요다음에도 재구매할게요",배송 문제
팔도 비빔면 130g,"배송빨라서 주문했는데 홈@보다 400-500원정도 더 비싸네요. 사진이랑 포장지가 다르길래 뭔가 다른가 했는데 그것도 아니고; 흠
배송빨라서 주문했는데 홈@보다 400-500원정도 더 비싸네요. 사진이랑 포장지가 다르길래 뭔가 다른가 했는데 그것도 아니고; 흠",배송 문제
팔도 비빔면 130g,"배송박스가 다 찢어져 테이핑 처리했는데 라면이 부서지지...
배송박스가 다 찢어져 테이핑 처리했는데
라면이 부서지지 않았길요",배송 문제
오뚜기 육개장 104g,"그냥 무난하네요.
24개짜리 한박스로 올줄 알았는데 6개짜리 박스 4개가 왔네요.뭐 수량은 맞으니 상관은 없고요.배송기간 2일 무난합니다.가격은 싸네요 좋아요~",배송 문제
오뚜기 육개장 104g,"용기 재질이 아쉽네요.
플라스틱 용기라서 많이 불안하네요. 요즘은 종이 재질이 대세같은데...전자렌지 사용불가라지만 뭐 다들 렌지 사용하고 있고 그래서 뚜껑덮고 1분 돌리니 사각형이...그리고 용기내 구멍들이 환경호르몬 걱정이 되네요...",배송 문제
팔도 틈새라면 빨계떡 120g,"한봉지가 찌그러져 있어서 뜯어보니.. 안에서 터졌어요.
한봉지가 찌그러져 있어서 뜯어보니.. 안에서 터졌어요.",배송 문제
오뚜기 참깨라면 115g,"좋아요
박스가 찌그러져서 라면이 다 부셔져서왔숩니다 ㅜㅜ",배송 문제
오뚜기 참깨라면 115g,"... 16개단위라 32개시켰는데 박스에 담겨와서 조금 많이 부서져서 왔네요.. ㅠ
... 16개단위라 32개시켰는데 박스에 담겨와서 조금 많이 부서져서 왔네요.. ㅠ",배송 문제
농심 신라면 건면 97g,"포장엉망이요택배박스가 ㄷㅏ 찢어져서 오픈댄 채배송이 와 너무 실망
포장엉망이요
택배박스가 ㄷㅏ 찢어져서 오픈댄 채배송이 와 너무 실망",배송 문제
오뚜기 진라면컵 매운맛 65g,"포장이 좀..
그냥, 마트에서 파는 포장 그대로 해서 왔네요(투명비닐 속으로 라면이 다 보여요) 찌그러진 것도 몇개 있구요.. 이런 식으로 포장해서 보내기도 하는군요. 심하게 파손 안된게 신기할 정도예요..",배송 문제
오뚜기 컵누들 우동맛 38.1g,"?부분을 가리고 올줄 알았는데 투명 포장 그대로 왔어요. 찍히면 안되는데 허술해 보여요. 가격이 좀 비싸다는 생각이 듭니다.
?부분을 가리고 올줄 알았는데 투명 포장 그대로 왔어요. 찍히면 안되는데 허술해 보여요. 가격이 좀 비싸다는 생각이 듭니다.",배송 문제
오뚜기 루픽 이천수 주먹감자라면 120g,"포장이 고급스럽긴 하지만 4개 한세트를 한박스에 포장해도 될텐데 굳이 개별 박스로 포장하는게 너무 비효율적이고 포장이 아깝게 느껴져요ㅠㅠ
포장이 고급스럽긴 하지만 4개 한세트를 한박스에 포장해도 될텐데 굳이 개별 박스로 포장하는게 너무 비효율적이고 포장이 아깝게 느껴져요ㅠㅠ",배송 문제
농심 농심육개장사발면 육개장 사발면 86g,"육개장 사발면 면발 얇아서 너무 좋아요~
육개장 사발면 면발 얇아서 너무 좋아요~",쫄깃한 면발
농심 농심육개장사발면 육개장 사발면 86g,"육개장 사발면 면발이 얇고 좋아요~
육개장 사발면 면발이 얇고 좋아요~",쫄깃한 면발
농심 농심육개장사발면 육개장 사발면 86g,"면발이 가늘어 좋아요
면발이 가늘어 좋아요",쫄깃한 면발
오뚜기 진라면 매운맛 120g,"면발이 가늘고 꼬들꼬들해서 좋아요
면발이 가늘고 꼬들꼬들해서 좋아요",쫄깃한 면발
오뚜기 진라면 매운맛 120g,"면발이 쫄깃한 게 너무 맛있어요
면발이 쫄깃한 게 너무 맛있어요 항상 이 제품만 먹고 있어요",쫄깃한 면발
오뚜기 진라면 매운맛 120g,"면발도 쫄깃 매끈하고 얼큰...좋아요
면발도 쫄깃 매끈하고 얼큰...좋아요",쫄깃한 면발
오뚜기 진라면 매운맛 120g,"면발도 굵고 적당히 매워서 좋아요
면발도 굵고 적당히 매워서 좋아요",쫄깃한 면발
농심 안성탕면 125g,"라면 바삭하고 아주 맛있어요 면발이 가늘어서 꼬들꼬들 ...
라면 바삭하고 아주 맛있어요
면발이 가늘어서 꼬들꼬들 식감이 좋아요",쫄깃한 면발
농심 안성탕면 125g,"면발 쫄깃하고 맛도좋고 기본라면으로
면발 쫄깃하고 맛도좋고 기본라면으로 최고입니다.",쫄깃한 면발
농심 안성탕면 125g,"시원하고 떱텁하지 않아요 면발도 얇고
시원하고 떱텁하지 않아요 면발도 얇고",쫄깃한 면발
농심 안성탕면 125g,"얇은 면발의 라면 먹고 싶을 때 좋아
얇은 면발의 라면 먹고 싶을 때 좋아요.",쫄깃한 면발
농심 안성탕면 125g,"면발이 정말 좋아요 근데 덜매워요
면발이 정말 좋아요 근데 덜매워요",쫄깃한 면발
농심 안성탕면 125g,"얇은 면발의 라면이 필요할 때
얇은 면발의 라면이 필요할 때",쫄깃한 면발
농심 안성탕면 125g,"얇은 면발을 원할 때
얇은 면발을 원할 때",쫄깃한 면발
농심 얼큰한 너구리 120g,"쫄깃한 면발과 얼큰한 국물이 끝네줍니다.
쫄깃한 면발과 얼큰한 국물이 끝네줍니다.",쫄깃한 면발
농심 얼큰한 너구리 120g,"면발이 쫄깃해서 좋아요.
면발이 쫄깃해서 좋아요.",쫄깃한 면발
농심 얼큰한 너구리 120g,"면발이 쫄깃해서 좋아함
면발이 쫄깃해서 좋아함",쫄깃한 면발
농심 얼큰한 너구리 120g,"면발이 쫀득하고 두툼한 면발
면발이 쫀득하고 두툼한 면발 좋아하시는 분들은 좋아요",쫄깃한 면발
농심 얼큰한 너구리 120g,"면발이 굵직하고 국물이 일품인 라면
면발이 굵직하고 국물이 일품인 라면",쫄깃한 면발
농심 얼큰한 너구리 120g,"면발이 굵어서 좋습니다
면발이 굵어서 좋습니다",쫄깃한 면발
농심 얼큰한 너구리 120g,"면발이 부드럽고 쫄깃한 식감이 없음.
면발이 부드럽고 쫄깃한 식감이 없음.",쫄깃한 면발
농심 얼큰한 너구리 120g,"너구리면발이굵고맛나요!
너구리면발이굵고맛나요!",쫄깃한 면발
오뚜기 열 라면 120g,"면발이 굳어져 있는 부분 부분이 많아요~~~ㅠㅠ
면발이 굳어져 있는 부분 부분이
많아요~~~ㅠㅠ",쫄깃한 면발
삼양 삼양라면 120g,"면발이 가늘고 쫄깃해요.
면발이 가늘고 쫄깃해요.",쫄깃한 면발
삼양 삼양라면 120g,"면발이 쫄깃쫄깃 국물은 깔끔 맛있어요
면발이 쫄깃쫄깃 국물은 깔끔 맛있어요",쫄깃한 면발
오뚜기 진라면 순한맛 120g,"넘 맵지도 않고 면발이 쫄깃해요.
넘 맵지도 않고 면발이 쫄깃해요.",쫄깃한 면발
오뚜기 진라면 순한맛 120g,"아이들이 쫄깃한면발을 좋아해요
아이들이 쫄깃한면발을 좋아해요",쫄깃한 면발
농심 농심김치사발면 김치 사발면 86g,"면발이 쫄깃해서 좋아요
면발이 쫄깃해서 좋아요",쫄깃한 면발
농심 농심김치사발면 김치 사발면 86g,"면발이 얇아서 좋아요
면발이 얇아서 좋아요",쫄깃한 면발
오뚜기 진짬뽕 130g,"면발도 맛있고 국물맛이 좋아요
면발도 맛있고 국물맛이 좋아요",쫄깃한 면발
팔도 틈새라면 빨계떡 120g,"맵지만 맛있어요.
개인적으로 면발이 라면중에 가장 맘에 들어요.맵지만 자꾸만 먹고 싶어지는 중독성이 있어요.추천드려요.",쫄깃한 면발
오뚜기 참깨라면 115g,"라면 면발이 쫄깃해요
라면 면발이 쫄깃해요",쫄깃한 면발
오뚜기 참깨라면 115g,"면발은 쫄깃 국물은 고소하고 맛있어요
면발은 쫄깃 국물은 고소하고 맛있어요",쫄깃한 면발
농심 신라면 건면 97g,"면발이 잘 안불어서 좋아요~그래도 신라면이 좋아요
면발이 잘 안불어서 좋아요~그래도
신라면이 좋아요",쫄깃한 면발
오뚜기 진라면컵 매운맛 65g,"면발이 너무 두껍..
면발이 너무 두껍..",쫄깃한 면발
더본코리아 더본 빽쿡 빽라면 115g,"면발이 좋아요
면발이 좋아요",쫄깃한 면발
농심 사리곰탕면 110g,"면발이 좀 변한듯 이상..
면발이 좀 변한듯 이상..",쫄깃한 면발
농심 사리곰탕면 110g,"가는 면발에 진하고 구수한 국물이 맛
가는 면발에 진하고 구수한 국물이 맛있습니다.",쫄깃한 면발
농심 사리곰탕면 110g,"국물이 진하고 면발도 가늘어서 맛있습
국물이 진하고 면발도 가늘어서 맛있습니다.",쫄깃한 면발
농심 사리곰탕면 110g,"면발도 가늘고 국물도 진하고 맛있습니
면발도 가늘고 국물도 진하고 맛있습니다.",쫄깃한 면발
농심 신라면 120g,"굿
저렴하게 사긴했는데 유통기한이 좀 짧네요",유통기한 문제
농심 신라면 120g,"유통기한이 생각보다 짧네요.
유통기한이 생각보다 짧네요.",유통기한 문제
오뚜기 진라면 매운맛 120g,"유통기간이 얼마안남은거네요
유통기간이 얼마안남은거네요",유통기한 문제
오뚜기 진라면 매운맛 120g,"진라면
잘 받았습니다 유통기한이 좀 아쉽네요",유통기한 문제
농심 안성탕면 125g,"생각보다 유통기한이 짧아서 놀랐어요.
생각보다 유통기한이 짧아서 놀랐어요.",유통기한 문제
농심 올리브 짜파게티 140g,"유통기한이 짧아서 조금 아쉬워요.
유통기한이 짧아서 조금 아쉬워요.",유통기한 문제
농심 올리브 짜파게티 140g,"유통기한 짧은 거 올 줄 알았는데 만
유통기한 짧은 거 올 줄 알았는데
만족해요",유통기한 문제
농심 올리브 짜파게티 140g,"유통기한이 좀 아쉽네요
유통기한이 좀 아쉽네요",유통기한 문제
농심 올리브 짜파게티 140g,"유통기한이..아쉽네요
유통기한이..아쉽네요",유통기한 문제
농심 올리브 짜파게티 140g,"보통이에요
이번건 유통기한이 짧아서 아쉽네요.",유통기한 문제
농심 올리브 짜파게티 140g,"보통이에요
짜왕은 유통기한이 짧네요",유통기한 문제
농심 얼큰한 너구리 120g,"유통기한이 다른곳보다 마이 짧음
유통기한이 다른곳보다 마이 짧음",유통기한 문제
삼양 불닭볶음면 140g,"유통기한7/31까지네요
유통기한7/31까지 입니다",유통기한 문제
삼양 불닭볶음면 140g,"유통기한이 짧아서 얼른 먹어야겠네요~~
유통기한이 짧아서 얼른 먹어야겠네요~~",유통기한 문제
삼양 불닭볶음면 140g,"유통기한이 좀 아쉽네요
유통기한이 좀 아쉽네요",유통기한 문제
오뚜기 열 라면 120g,"유통기한이 너무 짧네요 이유 설명은 해주셨지만 글쎄요...
유통기한이 너무 짧네요 이유 설명은 해주셨지만 글쎄요...",유통기한 문제
오뚜기 열 라면 120g,"얼큰한
열라면 근데 유통기한이 짧네요",유통기한 문제
오뚜기 열 라면 120g,"유통기한이 열라 짧아요.
유통기한이 열라 짧아요.",유통기한 문제
오뚜기 열 라면 120g,"보통이에요
유통기간이 짧아요",유통기한 문제
농심 신라면 65g,"...
유통기한이 생각보다 짧네요..",유통기한 문제
농심 신라면 65g,"유통기한이 짧아요~
유통기한이 짧아요~",유통기한 문제
삼양 삼양라면 120g,"유통기한이 얼마 안남았네요
유통기한이 얼마 안남았네요",유통기한 문제
삼양 삼양라면 120g,"유통기한은 짧아요
유통기한은 짧아요",유통기한 문제
삼양 삼양라면 120g,"유통기한짧음
유통기한짧음",유통기한 문제
삼양 삼양라면 120g,"유통기한이 삼양이 대체적으로 짧네요
유통기한이 삼양이 대체적으로 짧네요",유통기한 문제
삼양 삼양라면 120g,"유통기간이 조금남았어요.
유통기간이 조금남았어요.",유통기한 문제
오뚜기 진라면 순한맛 120g,"유통기한이 얼마 안남아서 아쉬워요
유통기한이 얼마 안남아서 아쉬워요",유통기한 문제
오뚜기 진라면 순한맛 120g,"보통이에요
다조은데 유통기안이 너무짤바요",유통기한 문제
오뚜기 진짬뽕 130g,"유통기한이
유통기한이 너무 빨라요",유통기한 문제
오뚜기 진짬뽕 130g,"좋아요
외국에 보낼건데 유통기한이 생각보다 짧아서 아쉽네요.",유통기한 문제
오뚜기 진짬뽕 130g,"유통기한이 아쉽네요
유통기한이 아쉽네요",유통기한 문제
오뚜기 육개장 104g,"유통기한이 좀.
유통기한이 더 길었음 좋을듯요",유통기한 문제
오뚜기 참깨라면 115g,"유통기간 이렇게 짧은줄 모르고 주문 어쩐지 싸드라
유통기간 이렇게 짧은줄 모르고 주문
어쩐지 싸드라",유통기한 문제
농심 신라면 건면 97g,"유통기한이 좀 짧은걸보내주셨네요
유통기한이 좀 짧은걸보내주셨네요",유통기한 문제
농심 오징어짬뽕 124g,"유통기한 짧음.,.,
유통기한 짧음.,.,",유통기한 문제
농심 오징어짬뽕 124g,"유통기한이 짧아 별 하나 뺐어요.
유통기한이 짧아 별 하나 뺐어요.",유통기한 문제
농심 오징어짬뽕 124g,"유통기한이 짧아 별 하나 뺐어요
유통기한이 짧아 별 하나 뺐어요",유통기한 문제
농심 오징어짬뽕 124g,"유통기한이아쉽네요.
유통기한이아쉽네요.",유통기한 문제
농심 큰사발 튀김우동 111g,"유통기한이 짧은 편이엇습니다.
유통기한이 짧은 편이엇습니다.",유통기한 문제
농심 큰사발 튀김우동 111g,"유통기한이 생각보다 짧네요
유통기한이 생각보다 짧네요",유통기한 문제
오뚜기 컵누들 매콤한맛 37.8g,"매콤하고 칼로리 낮아 만족합니다
매콤하고 칼로리 낮아 만족합니다",칼로리 낮음
오뚜기 컵누들 매콤한맛 37.8g,"컵누들 맛있어요 칼로리낮고
컵누들 맛있어요 칼로리낮고",칼로리 낮음
오뚜기 컵누들 매콤한맛 37.8g,"칼로리도 낮고 맛도 있고^^
칼로리도 낮고 맛도 있고^^",칼로리 낮음
오뚜기 컵누들 매콤한맛 37.8g,"밤에 먹었는데 진짜 몸무게가 안늘었네요 저칼로리 맞나봐요포만감은있고 칼로리는 낮아서 쏙 맘에드네요 마트에서 하나씩 사는것보다 저렴하게 삿네요 맛도있고 얼큰한맛 좋아요
밤에 먹었는데 진짜 몸무게가 안늘었네요 저칼로리 맞나봐요포만감은있고 칼로리는 낮아서 쏙 맘에드네요 마트에서 하나씩 사는것보다 저렴하게 삿네요 맛도있고 얼큰한맛 좋아요",칼로리 낮음
오뚜기 컵누들 매콤한맛 37.8g,"맛있어요 칼로리 부담 없어 좋아요
맛있어요 칼로리 부담 없어 좋아요",칼로리 낮음
오뚜기 컵누들 매콤한맛 37.8g,"굿
맛있어요칼로리도 낮구 넘 좋아요",칼로리 낮음
오뚜기 컵누들 매콤한맛 37.8g,"칼로리가 낮아서 먹기 좋고 맛있어
칼로리가 낮아서 먹기 좋고 맛있어요",칼로리 낮음
오뚜기 컵누들 매콤한맛 37.8g,"칼로리 걱정없이 잘먹겠습니다
칼로리 걱정없이 잘먹겠습니다",칼로리 낮음
오뚜기 컵누들 매콤한맛 37.8g,"양은 적지만 맛나고 칼로리 낮아서 조
양은 적지만 맛나고 칼로리 낮아서 조아요",칼로리 낮음
오뚜기 컵누들 매콤한맛 37.8g,"칼로리가 낮은게 아니라 양이작은거ㅡㅡ
칼로리가 낮은게 아니라 양이작은거ㅡㅡ",칼로리 낮음
오뚜기 컵누들 매콤한맛 37.8g,"다 좋아요. 맛좋고 칼로리 낮고. 딱 한가지만 빼고요. 가격이 비싼 거 같아요.
다 좋아요. 맛좋고 칼로리 낮고. 딱 한가지만 빼고요. 가격이 비싼 거 같아요.",칼로리 낮음
오뚜기 컵누들 매콤한맛 37.8g,"칼로리도 낮고 매콤해서 좋아요
칼로리도 낮고 매콤해서 좋아요",칼로리 낮음
삼양 불닭볶음면 큰컵 105g,"보통이에요
맛있는데 다이어트 걱정돼요칼로리가 높아요",칼로리 낮음
농심 신라면 건면 97g,"가격은 좀 있지만 건면으로 칼로리를 줄일 수 있다면!! 라면은 다 맛있어요~
가격은 좀 있지만 건면으로 칼로리를 줄일 수 있다면!! 라면은 다 맛있어요~",칼로리 낮음
농심 신라면 건면 97g,"건면 처음 사봤는데 칼로리가 정말 낮네요. 오늘같은 날 저녁에 먹기 좋을듯합니다.
건면 처음 사봤는데 칼로리가 정말 낮네요. 오늘같은 날 저녁에 먹기 좋을듯합니다.",칼로리 낮음
농심 신라면 건면 97g,"면이 빨리 퍼지지 않아 좋아요. 칼로리는 보통 라면보다 낮아도 딱 라면맛 ... 맛있어요.
면이 빨리 퍼지지 않아 좋아요. 칼로리는 보통 라면보다 낮아도 딱 라면맛 ... 맛있어요.",칼로리 낮음
농심 신라면 건면 97g,"건면이라 담백해요 칼로리가 덜 부담되요
건면이라 담백해요 칼로리가 덜 부담되요",칼로리 낮음
농심 신라면 건면 97g,"칼로리가 낮은 것에 비해 맛이 좋습니다
칼로리가 낮은 것에 비해 맛이 좋습니다",칼로리 낮음
농심 신라면 건면 97g,"담백하고 칼로리가 낮아요
담백하고 칼로리가 낮아요",칼로리 낮음
농심 신라면 건면 97g,"좋아요
칼로리가 일반라면대비 적어 건면을 자주먹게됩니다 국물도 깔끔하고 면도 쫄깃하니 맛있습니다",칼로리 낮음
농심 신라면 건면 97g,"무난해요. 칼로리도 적어서 큰 부담 없습니다.
무난해요. 칼로리도 적어서 큰 부담 없습니다.",칼로리 낮음
농심 신라면 건면 97g,"다이어트중이라구매했어요칼로리가낮아요
다이어트중이라구매했어요
칼로리가낮아요",칼로리 낮음
농심 신라면 건면 97g,"맛있다고 해서 사봤어오 칼로리도 낮구요
맛있다고 해서 사봤어오 칼로리도 낮구요",칼로리 낮음
농심 신라면 건면 97g,"칼로리가 적어서 이라면만 막어요
칼로리가 적어서 이라면만 막어요",칼로리 낮음
농심 신라면 건면 97g,"칼로리도 낮고 맛있습니다.
칼로리도 낮고 맛있습니다.",칼로리 낮음
농심 신라면 건면 97g,"다옅하는데칼로리낮아서
다옅하는데칼로리낮아서",칼로리 낮음
농심 신라면 건면 97g,"처음먹어봤는데
처음먹어봤는데
맛있네요
칼로리도작아서덜부담스러워요~",칼로리 낮음
농심 신라면 건면 97g,"좋아요
맛있어요 칼로리도 낮아서 다이어트 할때먹으면 좋아요",칼로리 낮음
농심 신라면 건면 97g,"낮은 칼로리
튀긴 면이 아닌 건면이라서 좋네요 아직 맛보기 전이지만 일단 줄어든 칼로리에 대 만족입니다",칼로리 낮음
농심 신라면 건면 97g,"기름에 튀기지않아 칼로리가 적게나오네요 담백하구요
기름에 튀기지않아 칼로리가 적게나오네요 담백하구요",칼로리 낮음
농심 신라면 건면 97g,"칼로리가다른 라면에비해 낮아 먹어요
칼로리가다른 라면에비해 낮아 먹어요",칼로리 낮음
농심 신라면 건면 97g,"보통이에요
그나마 건면이라 칼로리가 낮다 하지만 양도 일반면에 비해 작다 진짜 오밤에 배고플때 먹기좋다",칼로리 낮음
농심 신라면 건면 97g,"쫌이라도 칼로리 낮은걸로 담백합니다
쫌이라도 칼로리 낮은걸로 담백합니다",칼로리 낮음
농심 신라면 건면 97g,"칼로리가 낮아 좋아요 깔끔 해요
칼로리가 낮아 좋아요 깔끔 해요",칼로리 낮음
오뚜기 컵누들 우동맛 38.1g,"칼로리 부담 없이 즐길 수 있는 ㅎㅎㅎ
칼로리 부담 없이 즐길 수 있는 ㅎㅎㅎ",칼로리 낮음
오뚜기 컵누들 우동맛 38.1g,"저녁에 출출할때 딱입니다 양도 많지않아 부담없고 칼로리...
저녁에 출출할때 딱입니다 양도 많지않아 부담없고 칼로리도 낮아서 좋아요",칼로리 낮음
오뚜기 컵누들 우동맛 38.1g,"좋아요
출출할때 먹으면 좋아요.칼로리도 적어서 부담없이 먹게되네요.",칼로리 낮음
오뚜기 컵누들 우동맛 38.1g,"좋아요
칼로리가 낮아 야식으로 먹기에 좋아요 맛나요",칼로리 낮음
오뚜기 컵누들 우동맛 38.1g,"좋아요
칼로리가 낮아 출출할때 부담없이 먹어요",칼로리 낮음
오뚜기 컵누들 우동맛 38.1g,"좋아요
칼로리가 낮아 야식으로 먹기에 좋아요",칼로리 낮음
오뚜기 컵누들 우동맛 38.1g,"출출할때 생각나서 칼로리도 낮고하여
출출할때 생각나서 칼로리도 낮고하여",칼로리 낮음
오뚜기 컵누들 우동맛 38.1g,"만족합니다
칼로리가 낮아서 간식용으로 좋네요",칼로리 낮음
오뚜기 컵누들 우동맛 38.1g,"칼로리 낮고 국물이 덜 짜고 좋아요
칼로리 낮고 국물이 덜 짜고 좋아요",칼로리 낮음
오뚜기 컵누들 우동맛 38.1g,"칼로리걱정 끝~!!!
칼로리가 낮아서 부담이 없지만~양이 너무 적어서 아쉬워요.생각보다 매콤해요.",칼로리 낮음
농심 농심육개장사발면 육개장 사발면 86g,"맛있는 육개장 아이들도 좋아하고 저두 즐겨먹어요 또시켜야 되겠네요
맛있는 육개장 아이들도 좋아하고 저두 즐겨먹어요 또시켜야 되겠네요",아이들과 함께
농심 농심육개장사발면 육개장 사발면 86g,"육개장 아이들 간식으로 잘 먹어요.
육개장 아이들 간식으로 잘 먹어요.
한끼 식사로도 손색이 없지요.",아이들과 함께
농심 농심육개장사발면 육개장 사발면 86g,"아이들이 육개장 라면만 먹어요
아이들이 육개장 라면만 먹어요",아이들과 함께
오뚜기 진라면 매운맛 120g,"우리아이들 넘나좋아하는 면요리...진
우리아이들 넘나좋아하는 면요리...진라면은 무조건이죠",아이들과 함께
오뚜기 진라면 매운맛 120g,"항상먹는 라면이에요 애들이 라면을 너무 즐겨요
항상먹는 라면이에요
애들이 라면을 너무 즐겨요",아이들과 함께
농심 안성탕면 125g,"순한게 먹을수 있어 아이들과 먹기 좋아요
순한게 먹을수 있어 아이들과 먹기 좋아요",아이들과 함께
농심 안성탕면 125g,"매운라면 못먹는 아이에게 딱 좋아요
매운라면 못먹는 아이에게 딱 좋아요",아이들과 함께
농심 얼큰한 너구리 120g,"너구리 인기짱이예요. 애들도 잘먹어요
너구리 인기짱이예요. 애들도 잘먹어요",아이들과 함께
삼양 불닭볶음면 140g,"아들이랑 가끔 먹습니다ᆢ농심은 싫지만ᆢ
아들이랑 가끔 먹습니다ᆢ농심은 싫지만ᆢ",아이들과 함께
삼양 삼양라면 120g,"아이들이 라면을 과자처럼 ㅠㅠ잘 먹을게요.
아이들이 라면을 과자처럼 ㅠㅠ잘 먹을게요.",아이들과 함께
오뚜기 진라면 순한맛 120g,"순한맛 라면 아이들이 좋아하네요
순한맛 라면 아이들이 좋아하네요",아이들과 함께
오뚜기 진라면 순한맛 120g,"아이들과 가끔 먹기에 딱 좋아요
아이들과 가끔 먹기에 딱 좋아요",아이들과 함께
오뚜기 진라면 순한맛 120g,"아이들 있어서 진라면 순한맛 자주먹는데 좋아요
아이들 있어서 진라면 순한맛 자주먹는데 좋아요",아이들과 함께
오뚜기 진라면 순한맛 120g,"아이들 라면은 진라면 순한맛이죠ㅋ
아이들 라면은 진라면 순한맛이죠ㅋ",아이들과 함께
농심 농심김치사발면 김치 사발면 86g,"가끔씩 먹으면 맛있어요.아이들이 잘 먹어요
가끔씩 먹으면 맛있어요.아이들이 잘 먹어요",아이들과 함께
삼양 불닭볶음면 큰컵 105g,"좋아요
늘 쟁여두고 먹는 불닭 볶음면~~ 아이들이 매운맛이 땡길때에는 꼭 즐겨 먹네요~~ 잘 먹고 있답니다.",아이들과 함께
팔도 비빔면 130g,"우리아들이 이것만먹습니다 맛좋아요
우리아들이 이것만먹습니다 맛좋아요",아이들과 함께
팔도 비빔면 130g,"맛있어요 애들도 잘먹어요
맛있어요 애들도 잘먹어요",아이들과 함께
팔도 비빔면 130g,"아이들이 가끔 먹어요. 비빔면중 제일
아이들이 가끔 먹어요. 비빔면중 제일 많이 먹죠",아이들과 함께
오뚜기 참깨라면 115g,"아이들이 매곱하게 먹고싶을때 먹는라면입니다
아이들이 매곱하게 먹고싶을때 먹는라면입니다",아이들과 함께
농심 신라면 건면 97g,"아이들이 잘먹는라면이에요.
아이들이 잘먹는라면이에요.",아이들과 함께
농심 신라면 건면 97g,"아이들이 라면먹고싶을때 먹고 있어 요
아이들이 라면먹고싶을때 먹고 있어 요",아이들과 함께
오뚜기 진라면컵 매운맛 65g,"울아들이 좋아하는 진라면이예요~~ 매콤해서 안좋을것같은...
울아들이 좋아하는 진라면이예요~~
매콤해서 안좋을것같은데
초등아들은 매워서 씩씩거리면서도 잘먹어요
ㅋㅋㅋ",아이들과 함께
농심 오징어짬뽕 124g,"맛있게 잘 먹어요. 아이들보다 아빠가 잘 먹어요.
맛있게 잘 먹어요. 아이들보다 아빠가 잘 먹어요.",아이들과 함께
농심 큰사발 튀김우동 111g,"튀김 기름 국물 고소하고 면이 탱탱 쫄깃 부드러워 아이들도 잘먹어요.
튀김 기름 국물 고소하고 면이 탱탱 쫄깃 부드러워 아이들도 잘먹어요.",아이들과 함께
농심 사리곰탕면 110g,"아들이 좋아하는 사리곰탕면 고소하고
아들이 좋아하는 사리곰탕면 고소하고 담백한맛이 일품입니다",아이들과 함께
농심 사리곰탕면 110g,"아이들이 맛있게 먹는 라면이에요.
아이들이 맛있게 먹는 라면이에요.
맛있어요",아이들과 함께
농심 사리곰탕면 110g,"아직 매운 라면 못 먹는 애들이 자주 찾는 라면이예요~
아직 매운 라면 못 먹는 애들이 자주 찾는 라면이예요~",아이들과 함께
농심 사리곰탕면 110g,"담백한 사리곰탕면 매운거 못먹는 아이들에게좋은 라면이죠
담백한 사리곰탕면 매운거 못먹는 아이들에게
좋은 라면이죠",아이들과 함께
농심 사리곰탕면 110g,"매운걸 못먹는 아이들에게 가장좋은 사리곰탕면^^
매운걸 못먹는 아이들에게 가장좋은
사리곰탕면^^",아이들과 함께
농심 농심육개장사발면 육개장 사발면 86g,"유통기한이 6개월이아니라 한 1년정도 였으면 좋을거 같아요
유통기한이 6개월이아니라 한 1년정도 였으면 좋을거 같아요",아이들과 함께
농심 농심육개장사발면 육개장 사발면 86g,"라면인데 유통기한이 5개월남음...
라면인데 유통기한이 5개월남음...",아이들과 함께
오뚜기 열 라면 120g,"유통기한이 2개월 밖에 안남음 신경써서 보내 주시길
유통기한이 2개월 밖에 안남음 신경써서 보내 주시길",유통기한 문제
오뚜기 열 라면 120g,"20개입인데 유통기한이 1-2개월 남은게 왔네요..
20개입인데 유통기한이 1-2개월 남은게 왔네요..",유통기한 문제
삼양 삼양라면 120g,"유통기한이 짧아요
유통기한이 5월16일까지네요 딱 2개월밖에 안남았어요 넘 짧은걸보내시네요",유통기한 문제
삼양 삼양라면 120g,"라면 유통기한이 3개월 남았네요...
라면 유통기한이 3개월 남았네요...",유통기한 문제
오뚜기 진라면 순한맛 120g,"유통기한이 4개월 밖이라서 좀 그렇고 사고 나서 천원 ...
유통기한이 4개월 밖이라서 좀 그렇고 사고 나서 천원 내려서 더 별로지만 잘 받앗네요",유통기한 문제
오뚜기 진라면 순한맛 120g,"라면은 6개월 이라네요. 더 길어도 문제 없을것 같은데...
라면은 6개월 이라네요.
더 길어도 문제 없을것 같은데.",유통기한 문제
오뚜기 육개장 104g,"유통기간이 3개월정도라 좀 아쉬워요
유통기간이 3개월정도라 좀 아쉬워요",유통기한 문제
농심 사리곰탕면 110g,"좋아요
리뷰 를 읽어보고 난뒤 유통기한을 걱정 했었는데 뭐 6개월 이면 괜찮지 않나요",유통기한 문제
농심 신라면 120g,"아이들이 좋아해서 늘 재구매하여 잘
아이들이 좋아해서 늘 재구매하여 잘 먹고 있습니다.",아이들과 함께
농심 신라면 120g,"5개묶음으로포장되어 왔어요방콕하는 아들들넘 좋아하고박스로 시켜 걱정이 없네요
5개묶음으로포장되어 왔어요
방콕하는 아들들
넘 좋아하고
박스로 시켜 걱정이 없네요",아이들과 함께
농심 농심육개장사발면 육개장 사발면 86g,"도서관 갈때 먹을려고 샀어요 아이들이 좋아해요
도서관 갈때 먹을려고 샀어요 아이들이 좋아해요",아이들과 함께
농심 농심육개장사발면 육개장 사발면 86g,"면좋아하는 아들때문에 구매했어요. 무난하니 좋아요
면좋아하는 아들때문에 구매했어요. 무난하니 좋아요",아이들과 함께
오뚜기 진라면 매운맛 120g,"아들이 진라면을.제일 좋아해서 샀어요
아들이 진라면을.제일 좋아해서 샀어요.",아이들과 함께
농심 안성탕면 125g,"아이들이 좋아해서 자주 구매하는 라면
아이들이 좋아해서 자주 구매하는 라면입니다 행사도 좋네요",아이들과 함께
농심 올리브 짜파게티 140g,"아이들이 좋아해서 5개묶음으로 구매했
아이들이 좋아해서 5개묶음으로 구매했어요",아이들과 함께
농심 올리브 짜파게티 140g,"보통이에요
무료배송에 저렴한 가격으로 빨리 배송이 되어 맘에 드네요. 유통기한도 넉넉하고요. 애들이 좋아해서 앞으로 자주 구입할거 같네요",아이들과 함께
삼양 불닭볶음면 140g,"아들이 너무 좋아해서 쟁여두려고 구매했습니다.
아들이 너무 좋아해서 쟁여두려고 구매했습니다.",아이들과 함께
삼양 불닭볶음면 140g,"아들이 좋아해서 샀어요. 너무 맵지만 좋아하니...
아들이 좋아해서 샀어요. 너무 맵지만 좋아하니...",아이들과 함께
삼양 불닭볶음면 140g,"맛있어요 아이가 좋아해요 그래서 구매합니다
맛있어요 아이가 좋아해요 그래서 구매합니다",아이들과 함께
농심 신라면 65g,"조카들 학교 마치고 오면 라면간식 먹고 싶을때 주려고 샀네요
조카들 학교 마치고 오면 라면간식 먹고 싶을때 주려고 샀네요",아이들과 함께
삼양 삼양라면 120g,"아들이 삼양라면을 좋아해서 샀어요
아들이 삼양라면을 좋아해서 샀어요",아이들과 함께
농심 농심김치사발면 김치 사발면 86g,"도서관 갈때 먹을려고 샀어요 아이들이 좋아해요
도서관 갈때 먹을려고 샀어요 아이들이 좋아해요",아이들과 함께
농심 농심김치사발면 김치 사발면 86g,"아이들 출출할때 먹으려 구매 합니다.
아이들 출출할때 먹으려 구매 합니다.",아이들과 함께
삼양 불닭볶음면 큰컵 105g,"우선 잘받았습니다 배송도 빠르게왔어요..아이들이 좋아해...
우선 잘받았습니다 배송도 빠르게왔어요..아이들이 좋아해서 늘 쟁여놓고 먹어요..이번에 다먹어서 또 구매했어요..잘먹고있어요..마니파세요",아이들과 함께
삼양 불닭볶음면 큰컵 105g,"우선 잘받았습니다 배송도 정말 빠르게왔어요..아이...
우선 잘받았습니다 배송도 정말 빠르게왔어요..아이들이 너무 좋아해서 늘 쟁겨두고 먹어요..잘먹고있어요",아이들과 함께
삼양 불닭볶음면 큰컵 105g,"아이들이 너무 좋아해서 항상 대량구매합니다
아이들이 너무 좋아해서 항상 대량구매합니다",아이들과 함께
삼양 불닭볶음면 큰컵 105g,"아이들 간식으로 항상 대량구매합니다.
아이들 간식으로 항상 대량구매합니다.",아이들과 함께
삼양 불닭볶음면 큰컵 105g,"잘 받았습니다 아이들이 좋아해서 구매
잘 받았습니다
아이들이 좋아해서 구매",아이들과 함께
팔도 비빔면 130g,"아이들이 비빔면을 좋아해서 구매했어요
아이들이 비빔면을 좋아해서 구매했어요
팔도가 젤 맛나요",아이들과 함께
팔도 비빔면 130g,"애들이 맛있대요 세일해서 구매했어요
애들이 맛있대요 세일해서 구매했어요 초6딸은 다른 것보다 소수 다 넣어도 덜 매워서 좋대요",아이들과 함께
농심 신라면 건면 97g,"아들이 좋아해서 또 샀어요
아들이 좋아해서 또 샀어요",아이들과 함께
오뚜기 진라면컵 매운맛 65g,"정해진 시간에 맞춰서 배송되어 아이들과 맛있게 먹었어요~다음에 또 시킬 예정입니다
정해진 시간에 맞춰서 배송되어 아이들과 맛있게 먹었어요~다음에 또 시킬 예정입니다",아이들과 함께
팔도 왕뚜껑 110g,"아들이 좋아해서 대량구매했어요^^ 뽁뽁이에 잘싸져서왔어요^^
아들이 좋아해서 대량구매했어요^^ 뽁뽁이에 잘싸져서왔어요^^",아이들과 함께
농심 오징어짬뽕 124g,"애들이 좋아해 구매함 가격이 싸진않은듯
애들이 좋아해 구매함 가격이 싸진않은듯",아이들과 함께
더본코리아 더본 빽쿡 빽라면 115g,"동생이 백선생님 팬이라 샀는데 사지말래요.. 국물은 시원하다네요.
동생이 백선생님 팬이라 샀는데 사지말래요.. 국물은 시원하다네요.",아이들과 함께
농심 사리곰탕면 110g,"아이들이 너무 좋아해서 구매했어요~
아이들이 너무 좋아해서 구매했어요~",아이들과 함께
농심 사리곰탕면 110g,"아이들이 라면을 넘 좋아해서 구매했어요.^^
아이들이 라면을 넘 좋아해서 구매했어요.^^",아이들과 함께
오뚜기 컵누들 우동맛 38.1g,"아이들이 간식용으로 좋아해서 구매했어요.잘먹어요.
아이들이 간식용으로 좋아해서 구매했어요.잘먹어요.",아이들과 함께
삼양 불닭볶음면 140g,"더운 여름엔 이열치열이죠 ㅎㅎ
더운 여름엔 이열치열이죠 ㅎㅎ",여름에는
팔도 비빔면 130g,"매년 여름이면 찾게 되는 비빔면~~좋아요!!
매년 여름이면 찾게 되는 비빔면~~좋아요!!",여름에는
팔도 비빔면 130g,"여름에는 오이에 함께 비벼주면 좋아요~
여름에는 오이에 함께 비벼주면 좋아요~",여름에는
팔도 비빔면 130g,"여름엔 시원한비빔면이 최고에요~~
여름엔 시원한비빔면이 최고에요~~",여름에는
팔도 비빔면 130g,"여름엔 역시 비빔면. 한 박스 사서
여름엔 역시 비빔면. 한 박스 사서 실컷 먹어야죠",여름에는
팔도 비빔면 130g,"여름에는 비빔면 사놔야죠 ㅎㅎ
여름에는 비빔면 사놔야죠 ㅎㅎ",여름에는
팔도 비빔면 130g,"여름이라 한번씩 생각나요ㅎ
여름이라 한번씩 생각나요ㅎ",여름에는
팔도 비빔면 130g,"팡
팔도 비빔면 여름엔 비비면",여름에는
팔도 비빔면 130g,"여름에 비빔면 필수죠 ㅎㅎ
여름에 비빔면 필수죠 ㅎㅎ",여름에는
팔도 비빔면 130g,"좋아요 여름되면 사먹어요
좋아요 여름되면 사먹어요",여름에는
오뚜기 참깨라면 110g,"여름방학 간식용으로
여름방학 간식용으로",여름에는
농심 신라면 120g,"이것저것 막 담아 주문했는데요, 아무 이상없이 잘 도착했습니다.골라담기 제품과 다른제품을 함께 주문/결재하면 각각 별도로 배송되지만, 네이버에서는 하나의 송장만 추적되는 관계로,
이것저것 막 담아 주문했는데요, 아무 이상없이 잘 도착했습니다.
골라담기 제품과 다른제품을 함께 주문/결재하면 각각 별도로 배송되지만, 네이버에서는 하나의 송장만 추적되는 관계로, 약간(?)의 신경이 쓰이는 점은 어쩔 수 없습니다.",배송 문제
농심 신라면 120g,"정작 구매하려던 제품은 배송당일에서야 품절이라 취소됐더라고요. 재고파악을 잘 해서 품절된 제품은 아예 구매가 안되게 했어야 한게 아닌가 싶네요
정작 구매하려던 제품은 배송당일에서야 품절이라 취소됐더라고요. 재고파악을 잘 해서 품절된 제품은 아예 구매가 안되게 했어야 한게 아닌가 싶네요",배송 문제
농심 농심육개장사발면 육개장 사발면 86g,"농심 사발면을 주문하였는데 삼양 사발면으로 왔습니다기분이 매우 상했고 이미 구매완료를 한 상태라서 교환을 못해 상품을 뜯고 먹어서 교환이 불가능한 상태였습니다하지만 판매자님이 나중
농심 사발면을 주문하였는데 삼양 사발면으로 왔습니다

기분이 매우 상했고 이미 구매완료를 한 상태라서 교환을 못해 상품을 뜯고 먹어서 교환이 불가능한 상태였습니다

하지만 판매자님이 나중에 연락을 주셔서 오배송으로 인해 배상해주셨습니다

만약 오배송이 된다면 판매자님께 연락하여 교환받이시면 될것 같습니다",배송 문제
오뚜기 진라면 매운맛 120g,"분할출고된 다른상품은 아직도 안움직임
대체 분할출고된건 언제보낼껀가요?어제주문한것도 오늘왔는데며칠전 주문한건 아직도 집하상태.그리고 위상품은 누락인건지 뭔지분할출고된게 움직이지않으니 알수가없네.그리고, 구매내역서는옥션껀데 주문하지도않은 내역들이라자세히보니 왜 다른사람내역서를보낸건지??",배송 문제
오뚜기 진라면 매운맛 120g,"정작 구매하려던 제품은 배송당일에서야 품절이라 취소됐더라고요. 재고파악을 잘 해서 품절된 제품은 아예 구매가 안되게 했어야 한게 아닌가 싶네요
정작 구매하려던 제품은 배송당일에서야 품절이라 취소됐더라고요. 재고파악을 잘 해서 품절된 제품은 아예 구매가 안되게 했어야 한게 아닌가 싶네요",배송 문제
농심 안성탕면 125g,"유통기한임박 제품들만 판매하시나요? 앞전에 주문한것도 그렇더니...실망입니다.
유통기한임박 제품들만 판매하시나요? 앞전에 주문한것도 그렇더니...실망입니다.",배송 문제
농심 얼큰한 너구리 120g,"스마일배송이 cj대한통운에서 롯데택배로 바뀌면서 불만이...
스마일배송이 cj대한통운에서 롯데택배로
바뀌면서 불만이 많아지네요 해당 지역으로
물품이 도착했지만 그날 바로 배송 해주지
않고 그 다음날 배송 해주는것도 문제인데
박스를 던지고 가네요",배송 문제
오뚜기 열 라면 120g,"급히 필요해서 주문했는데 누락된 상품이 2개나 있어서 속상하네요이마트몰은 품절여부가 반영이 잘 안되는듯 합니다주문하고 한참 뒤까지도 장바구니에 담기던 상품도배송 직전에 품절이라
급히 필요해서 주문했는데

누락된 상품이 2개나 있어서 속상하네요

이마트몰은 품절여부가 반영이 잘 안되는듯 합니다

주문하고 한참 뒤까지도 장바구니에 담기던 상품도

배송 직전에 품절이라 문자가 온게 한두번이 아니네요",배송 문제
삼양 삼양라면 120g,"스마일배송이 cj대한통운에서 롯데택배로 바뀌면서 불만이...
스마일배송이 cj대한통운에서 롯데택배로
바뀌면서 불만이 많아지네요 해당 지역으로
물품이 도착했지만 그날 바로 배송 해주지
않고 그 다음날 배송 해주는것도 문제인데
박스를 던지고 가네요",배송 문제
팔도 비빔면 130g,"두번째 장보기 구매예요.지정배송시간에 잘 도착했는데요.종이봉투 윗부분은 밀봉이 안되어있어서 좀 불안불안했어요.
두번째 장보기 구매예요.
지정배송시간에 잘 도착했는데요.
종이봉투 윗부분은 밀봉이 안되어있어서 좀 불안불안했어요.",배송 문제
오뚜기 진라면 매운맛 120g,"겨울에는 라면이 좋아요
겨울에는 라면이 좋아요",겨울에는
농심 안성탕면 125g,"라면 맛있네요. 특히 추울 때 먹으면
라면 맛있네요. 특히 추울 때 먹으면 더욱 맛있어요.",겨울에는
농심 올리브 짜파게티 140g,"밥이 지겨울때 간식으로 한번씩 큲여 먹으니 좋아요
밥이 지겨울때 간식으로 한번씩 큲여 먹으니 좋아요",겨울에는
농심 얼큰한 너구리 120g,"겨울엔통통한 면발 너구리지요~^^
겨울엔통통한 면발 너구리지요~^^",겨울에는
농심 얼큰한 너구리 120g,"추울땐 오동통 너구리죠~ ^^
추울땐 오동통 너구리죠~ ^^",겨울에는
오뚜기 열 라면 120g,"역시 겨울에는 라면은 필수죠 배달시키니 너무 편하고 좋아요
역시 겨울에는 라면은 필수죠
배달시키니 너무 편하고 좋아요",겨울에는
오뚜기 열 라면 120g,"추운겨울에 한번씩 생각나는 라면입니다.
추운겨울에 한번씩 생각나는 라면입니다.",겨울에는
농심 신라면 65g,"오랜만에 사봤네요. 겨울이라서..
오랜만에 사봤네요. 겨울이라서..",겨울에는
삼양 삼양라면 120g,"옛맛이 그리워 그매했어요 겨울에 따뜻한 국물최고죠
옛맛이 그리워 그매했어요 겨울에 따뜻한 국물최고죠",겨울에는
농심 농심김치사발면 김치 사발면 86g,"겨울엔 국물 있는 라면이 최고!
겨울엔 국물 있는 라면이 최고!",겨울에는
오뚜기 진짬뽕 130g,"재구매 했네요 겨울에 간식으로 딱이네요
재구매 했네요 겨울에 간식으로 딱이네요",겨울에는
팔도 비빔면 130g,"떨어지면 항상 재구매합니다. 겨울이라고 국물스프도 있네요. 간단히 먹을때 짱 좋아요
떨어지면 항상 재구매합니다. 겨울이라고 국물스프도 있네요. 간단히 먹을때 짱 좋아요",겨울에는
팔도 비빔면 130g,"비빔면은 왜 겨울에 먹으면 맛이 다르게 느껴질까요?? 국물 주는건 좋아요
비빔면은 왜 겨울에 먹으면 맛이 다르게 느껴질까요?? 국물 주는건 좋아요",겨울에는
팔도 비빔면 130g,"비빔면을 좋아해서 겨울에도 자주 사먹는데, 국물스프 있어서 좋네요
비빔면을 좋아해서 겨울에도 자주 사먹는데, 국물스프 있어서 좋네요",겨울에는
팔도 비빔면 130g,"가끔 겨울이지만 매콤한게 땡길때 먹으려고 구매
가끔 겨울이지만 매콤한게 땡길때 먹으려고 구매",겨울에는
농심 신라면 건면 97g,"맛있게 잘 먹을께요 요즘 날씨가 추워지면서 국물이 있는...
맛있게 잘 먹을께요
요즘 날씨가 추워지면서 국물이 있는 것이 당기네요",겨울에는
농심 큰사발 튀김우동 111g,"쌀쌀한 날씨에 먹기좋아요.
쌀쌀한 날씨에 먹기좋아요.",겨울에는
농심 사리곰탕면 110g,"요즘같이 추운 날씨에는 사리곰탕면이
요즘같이 추운 날씨에는 사리곰탕면이 땡기네요 국대용으로 먹어도 좋네요 면먹고 국물에 밥말아먹어도 맛있네요",겨울에는
농심 사리곰탕면 110g,"겨울이라. 특식으로 좋아요
겨울이라.
특식으로 좋아요",겨울에는
농심 사리곰탕면 110g,"겨울에 생각나는 라면이라 사봤어요.
겨울에 생각나는 라면이라 사봤어요.",겨울에는
농심 신라면 120g,"다좋은데 라면박스라서 그런가 면이좀 잔부스러기가 많이나오네요 유통기한이 5개월 조금 안되네요 혼자서 부지런히 먹으면 마춰지긴하겠네요
다좋은데 라면박스라서 그런가 면이좀 잔부스러기가 많이나오네요 유통기한이 5개월 조금 안되네요 혼자서 부지런히 먹으면 마춰지긴하겠네요",배송 문제
오뚜기 진라면 매운맛 120g,"유통기한이...
배송은 빠르지만 유통기한이 딱 4개월 남았네요 저번에 주문했을땐 5개월이상 된거였는데 좀 짧네요",배송 문제
농심 안성탕면 125g,"잘받았습니다 근디 다른건 날짜가 22년 8월인데 봉지...
잘받았습니다
근디 다른건 날짜가 22년 8월인데 봉지에있는건 22년 4월입니다
한상자가 아니고 여러개 끼워 마췄네요
여러개 끼워 마춘건 이해가 간다지만 봉지에 들어있는 라면은 좀 그렇네요
기간 임박이였으면 주문 안했습니다
전화할려다가 그냥 먹겠습니다 이런식으로 안해 줬으면 좋겠습니다",배송 문제
농심 올리브 짜파게티 140g,"보통이에요
얼마전 동네서 산 짜파게티는 유통기한이 12월까지인데20개나 샀는데 유통기한이 너무 짧네요.라면도 유통기한이 임박해지면 면에서 냄새가 나고 맛이 없어져요.",배송 문제
삼양 불닭볶음면 140g,"좋아요
유통기한이 좀 짧은것 같아 별하나 뺐습니다~;; 6월8일까지로 4개월정도 남았네요... 오후늦게 주문해서 2일후에 받았습니다",배송 문제
삼양 불닭볶음면 140g,"두박스를 샀는데 유통기한이 2개월밖에 안남았네요.. 반...
두박스를 샀는데 유통기한이 2개월밖에 안남았네요.. 반품 귀찮아 그냥 먹지만 조금 더 신경 써 주시길바랍니다",배송 문제
오뚜기 열 라면 120g,"배송이 빨라 좋았어요 유통기한이 넉넉하진 않네요! 10월달까지 입니다
배송이 빨라 좋았어요 유통기한이 넉넉하진 않네요! 10월달까지 입니다",배송 문제
삼양 삼양라면 120g,"유통기한이 5월 6일이지만, 그전에 다 먹을 거라서 큰...
유통기한이 5월 6일이지만, 그전에 다 먹을 거라서 큰 문제는 없습니다. 단, 배송이 문제인지, 아니면 보관이 문제인지 30개 중에 8개가 바스러져서 끓여 먹는 용도로는 불가능... 면이 너무 쉽게 부서져서 그런듯... 22개만 온전하니 동네 마트보다 더 비싸게 구입한 꼴이라서 좀 아쉽네요...",배송 문제
삼양 삼양라면 120g,"유통기한 한달 열흘정도 남은걸 보내셔서.집에 남은거 보...
유통기한 한달 열흘정도 남은걸 보내셔서.집에 남은거 보충하려고 시켰는데 두달이나 더 유통기한이 짧네요 이런상품 가게였다면 사겠습니까? 반품 귀찮아서 결정합니다",배송 문제
삼양 삼양라면 120g,"유통기한을 확인안하고 샀더니 한달정도 남았네요
유통기한을 확인안하고 샀더니 한달정도 남았네요",배송 문제
오뚜기 진라면 순한맛 120g,"배송도 빠르고 상품도 만족하나 유통기한이 4개월정도 밖...
배송도 빠르고 상품도 만족하나 유통기한이 4개월정도 밖에 안남음",배송 문제
오뚜기 진라면 순한맛 120g,"보통라면을 박스로시키면 5개월은 넘게 놔둘수있던데 .2개월뿐이 안남았네요ㅠㅠ. 이럴줄알았음박스로 안시켰을텐데..라면만먹고살아야겠네요.
보통라면을 박스로시키면 5개월은 넘게 놔둘수있던데 .2개월뿐이 안남았네요ㅠㅠ. 이럴줄알았음박스로 안시켰을텐데..라면만먹고살아야겠네요.",배송 문제
농심 농심김치사발면 김치 사발면 86g,"김치 사발면은 세일 잘 안해서 기다리다 주문 했습니다~ 맛있어요~ 유통기안도 22년 4월로 충분히 길어요
김치 사발면은 세일 잘 안해서 기다리다 주문 했습니다~ 맛있어요~ 유통기안도 22년 4월로 충분히 길어요",배송 문제
농심 농심김치사발면 김치 사발면 86g,"제품은빨리잘왔는데 유통기한이 4개월정도밖에안남았네요ㅠㅠ그전에24개를다먹어야할텐데......
제품은빨리잘왔는데 유통기한이 4개월정도밖에안남았네요ㅠㅠ그전에24개를다먹어야할텐데......",배송 문제
팔도 틈새라면 빨계떡 120g,"배송은 하루만에 도착을 해서 좋았으나 유통기한이 한달밖에 안남아서 아쉬워요!!!
배송은 하루만에 도착을 해서 좋았으나 유통기한이 한달밖에 안남아서 아쉬워요!!!",배송 문제
농심 오징어짬뽕 124g,"박스채로 빠른배송 잘 받았습니다. 유통기한은 2021년 5월 17일이네요.
박스채로 빠른배송 잘 받았습니다. 유통기한은 2021년 5월 17일이네요.",배송 문제
농심 오징어짬뽕 124g,"배송이 빨라 좋았지만 유통기한이 23년 4월이라 아쉽습니다.
배송이 빨라 좋았지만 유통기한이 23년 4월이라 아쉽습니다.",배송 문제
농심 큰사발 튀김우동 111g,"좋아요
가끔 생각나는 맛입니다. 다른 곳 유사제품은 이 맛이 안나더라고요. 주문일 기준으로 다섯 달 가량 남은 걸로 받았습니다.",배송 문제
농심 큰사발 튀김우동 111g,"16개인데 유통기한이 11.22까지에요 1주일에 하나씩 먹어야 되네요 박스구매라서 유통기한이 4개월이면 살지 말지 고민했을것 같아요주문전에 유통기한을 알 수 있다면 더 좋을것 같아
16개인데 유통기한이 11.22까지에요 1주일에 하나씩 먹어야 되네요
박스구매라서 유통기한이 4개월이면 살지 말지 고민했을것 같아요
주문전에 유통기한을 알 수 있다면 더 좋을것 같아요",배송 문제
농심 사리곰탕면 110g,"배송은 많이 느렸지만 잘 받았어요.
날씨가 추워지면서 사리곰탕면이 생각나서 주문하였어요. 배송은 많이 느렸어요. 그래도 잘 도착했습니다. 유통기한은 2022년 4월 25일까지입니다.",배송 문제
오뚜기 진라면 매운맛 120g,"계란과 잘어울리는 진라면 생각나서 주문했어요.
계란과 잘어울리는 진라면 생각나서 주문했어요.",계란과 어울리는
오뚜기 진라면 매운맛 120g,"좀 매운데 계란 넣어 먹으면 맛있음
좀 매운데 계란 넣어 먹으면 맛있음",계란과 어울리는
오뚜기 진라면 매운맛 120g,"계란맛이 나서 좋아요.
계란맛이 나서 좋아요.",계란과 어울리는
농심 안성탕면 125g,"안성탕면 계란 넣어서 먹으면 더맛있어
안성탕면 계란 넣어서 먹으면 더맛있어요:)",계란과 어울리는
농심 안성탕면 125g,"안성탕면에 계란 파 넣어 먹음 넘 맛나요
안성탕면에 계란 파 넣어 먹음 넘 맛나요",계란과 어울리는
농심 안성탕면 125g,"가끔 안성탕면에 계란 넣고 먹고 싶을때 먹어요~
가끔 안성탕면에 계란 넣고 먹고 싶을때 먹어요~",계란과 어울리는
삼양 삼양라면 120g,"계란 풀어 먹기에 좋아요
계란 풀어 먹기에 좋아요",계란과 어울리는
오뚜기 컵누들 매콤한맛 37.8g,"좋아요
간단히 먹고싶을때 만두 계란등등 넣어 한끼해결하네요",계란과 어울리는
팔도 틈새라면 빨계떡 120g,"계란 풀어먹으면 존맛
계란 풀어먹으면 존맛",계란과 어울리는
오뚜기 참깨라면 115g,"맛있어요 계란이 좋아요
맛있어요 계란이 좋아요",계란과 어울리는
오뚜기 참깨라면 115g,"고소한 계란맛을 느끼고 싶을때 딱이죠.
고소한 계란맛을 느끼고 싶을때 딱이죠.",계란과 어울리는
오뚜기 참깨라면 115g,"계란블럭있어 좋아하는 라면이예요
계란블럭있어 좋아하는 라면이예요",계란과 어울리는
오뚜기 참깨라면 115g,"계란하고 같이 먹으면 좋기는 한데 좀 물리네요
계란하고 같이 먹으면 좋기는 한데 좀 물리네요",계란과 어울리는
팔도 비빔면 130g,"팔도 비빔면
배송은 4일걸림 팔도 비빔면은 맛있음",좋아요
팔도 비빔면 130g,"오늘 받았어요 ㅋㅋ 비빔면은 팔도가 짱이죠 ㅋㅋ
오늘 받았어요 ㅋㅋ 비빔면은 팔도가 짱이죠 ㅋㅋ",좋아요
팔도 비빔면 130g,"맛있어요. 양념맛은 팔도가 제일 맛있는 거 같아요.
맛있어요. 양념맛은 팔도가 제일 맛있는 거 같아요.",좋아요
팔도 비빔면 130g,"여러비빔면이 있지만 팔도의 전통은 꺾
여러비빔면이 있지만 팔도의 전통은 꺾기가 힘들더라구요",좋아요
팔도 비빔면 130g,"비빔면은 팔도인 거 같아요 맛있어서 주문합니다
비빔면은 팔도인 거 같아요 맛있어서 주문합니다",좋아요
팔도 비빔면 130g,"비빔면은 원조 팔도가 맛있어요
비빔면은 원조 팔도가 맛있어요",좋아요
팔도 비빔면 130g,"늘 먹던 팔도비빔면! 맛있어요~~
늘 먹던 팔도비빔면! 맛있어요~~",좋아요
팔도 비빔면 130g,"역시 비빔면은 팔도가 맛있어요
역시 비빔면은 팔도가 맛있어요",좋아요
팔도 비빔면 130g,"비빔면 원조 팔도가 맛있어요.
비빔면 원조 팔도가 맛있어요.",좋아요
팔도 비빔면 130g,"비빔면은 팔도가 짱이네요
비빔면은 팔도가 짱이네요",좋아요
팔도 비빔면 130g,"비빔면은팔도가최고지요
비빔면은
팔도가최고지요",좋아요
팔도 비빔면 130g,"비빔면
팔도 비빔면 맛있어요.",좋아요
팔도 비빔면 130g,"역시 팔도가 조아요!
비빔면하면 팔도라서 자동으로 비빔면 주문하게 되네요~ 맛있어요!",좋아요
팔도 비빔면 130g,"비빔면은 팔도비빔면맛있게 잘 먹었습니다
비빔면은 팔도비빔면
맛있게 잘 먹었습니다",좋아요
팔도 비빔면 130g,"비빔면은 팔도가 제일 베이직한 것 같아요
비빔면은 팔도가 제일 베이직한 것 같아요",좋아요
팔도 비빔면 130g,"비비면은 팔도가 제일 무난하네요
비비면은 팔도가 제일 무난하네요",좋아요
팔도 비빔면 130g,"비빔면은 역시 팔도이지요
비빔면은 역시 팔도이지요",좋아요
팔도 비빔면 130g,"비빔면은 팔도 비빔이죠
비빔면은 팔도 비빔이죠",좋아요
팔도 비빔면 130g,"보통이에요
비빔면 먹고싶어 구매했어여 비빔면은 팔도가 최고인듯~",좋아요
팔도 비빔면 130g,"비빔면은 팔도이지용
비빔면은 팔도이지용",좋아요
팔도 왕뚜껑 110g,"팔도 왕뚜껑 맛있습니다ㅎㅎ
팔도 왕뚜껑 맛있습니다ㅎㅎ",좋아요
삼양 불닭볶음면 140g,"최애 불닭 볶음면 진짜 맛있게 매운맛
최애 불닭 볶음면 진짜 맛있게 매운맛이에요",좋아요
삼양 불닭볶음면 140g,"넘나 맛나는 붉닭볶음면 굿입니다
넘나 맛나는 붉닭볶음면 굿입니다",좋아요
삼양 불닭볶음면 140g,"불닭볶음면 화끈한 매운맛
불닭볶음면 화끈한 매운맛",좋아요
삼양 불닭볶음면 140g,"불닭 볶음 면 맛있어요
불닭 볶음 면 맛있어요",좋아요
삼양 불닭볶음면 140g,"불닭볶음면 140g16입
불닭볶음면 맛이 좋아요",좋아요
삼양 불닭볶음탕면 145g,"불닭볶음면과는 또 다른 맛
불닭볶음면과는 또 다른 맛",좋아요
삼양 불닭볶음면 큰컵 105g,"북닭 볶음면 맵기가 아주 좋아요~
북닭 볶음면 맵기가 아주 좋아요~",좋아요
삼양 불닭볶음면 큰컵 105g,"맛있게 매운 불닭 볶음면이네요~
맛있게 매운 불닭 볶음면이네요~",좋아요
삼양 불닭볶음면 큰컵 105g,"불닭 볶음면 칼칼하고 맛있어요~
불닭 볶음면 칼칼하고 맛있어요~",좋아요
팔도 틈새라면 빨계떡 120g,"틈새라면이 제일 매워요.
매워서 좋아해용~불닭볶음면의 매운맛과 비슷한 듯~",좋아요
농심 신라면 120g,"우리 가족들이 모두 좋아하는 라면
우리 가족들이 모두 좋아하는 라면",가족이 좋아하는 
농심 농심육개장사발면 육개장 사발면 86g,"가족이 좋아해 즐겨먹습니다
가족이 좋아해 즐겨먹습니다",가족이 좋아하는 
오뚜기 진라면 매운맛 120g,"맛있어요
진라면만의 쫄깃함으로우리 가족 기호식품 되었네요",가족이 좋아하는 
오뚜기 진라면 매운맛 120g,"잘 받았네요.
우리 가족은 진라면 매운맛을 제일 좋아합니다~",가족이 좋아하는 
오뚜기 진라면 매운맛 120g,"가족모두가 잘먹어요
가족모두가 잘먹어요",가족이 좋아하는 
농심 안성탕면 125g,"가족의최애면 오랫시간순수한면을느낄수있
가족의최애면
오랫시간순수한면을느낄수있는",가족이 좋아하는 
삼양 삼양라면 120g,"맛있어요가족들최애라면
맛있어요
가족들최애라면",가족이 좋아하는 
삼양 삼양라면 120g,"우리가족 모두 좋아하는 라면
우리가족 모두 좋아하는 라면",가족이 좋아하는 
오뚜기 진라면 순한맛 120g,"순한맛이 우리 가족에게는 딱 맞아요
순한맛이 우리 가족에게는 딱 맞아요",가족이 좋아하는 
오뚜기 진라면 순한맛 120g,"가족들이다좋아하는진라면입니다
가족들이다좋아하는진라면입니다",가족이 좋아하는 
오뚜기 진라면 순한맛 120g,"진라면 순해서 가족들이 늘 진라면만 찾아요.
진라면 순해서 가족들이 늘 진라면만 찾아요.",가족이 좋아하는 
오뚜기 진라면 순한맛 120g,"온 가족이 재일 좋아하는 맛입니다
온 가족이 재일 좋아하는 맛입니다",가족이 좋아하는 
농심 농심김치사발면 김치 사발면 86g,"가족들이 김치 사발면이 제일 좋다네요~
가족들이 김치 사발면이 제일 좋다네요~",가족이 좋아하는 
오뚜기 진짬뽕 130g,"자주 먹고 있어요 가족모두 조아해요
자주 먹고 있어요 가족모두 조아해요",가족이 좋아하는 
팔도 비빔면 130g,"얼음은 다 녹은 상태로 욌어요.가족 모두 좋아합니다
얼음은 다 녹은 상태로 욌어요.
가족 모두 좋아합니다",가족이 좋아하는 
오뚜기 참깨라면 115g,"우리가족이 모두 좋아하는 라면이 참깨라면이에요.
우리가족이 모두 좋아하는 라면이 참깨라면이에요.",가족이 좋아하는 
오뚜기 진라면컵 매운맛 65g,"가족들 모두 좋아하는 간식입니다
가족들 모두 좋아하는 간식입니다",가족이 좋아하는 
농심 오징어짬뽕 124g,"온가족이 모두 좋아 합니다
온가족이 모두 좋아 합니다",가족이 좋아하는 
농심 사리곰탕면 110g,"온가족이 좋아하는 제품입니다
온가족이 좋아하는 제품입니다",가족이 좋아하는 
농심 사리곰탕면 110g,"가족들이 좋아해요~~
가족들이 좋아해요~~",가족이 좋아하는 
농심 얼큰한 너구리 120g,"칼칼한게 땡길때^^
칼칼한게 땡길때^^",칼칼한 맛
오뚜기 열 라면 120g,"한 번씩 칼칼 한게 땡길때 좋아요.
한 번씩 칼칼 한게 땡길때 좋아요.",칼칼한 맛
오뚜기 열 라면 120g,"국물이 얼큰칼칼한게 시웒ㅐ요
국물이 얼큰칼칼한게 시웒ㅐ요",칼칼한 맛
오뚜기 진짬뽕 130g,"보통이에요
감칠나게맛있고칼칼합니다",칼칼한 맛
오뚜기 육개장 104g,"좋아요
매콤하고 칼칼해서 좋아요",칼칼한 맛
팔도 틈새라면 빨계떡 120g,"틈새라면
매운거 땡길때는 틈새라면칼칼하니 좋습니다",칼칼한 맛
팔도 틈새라면 빨계떡 120g,"좋아요
칼칼하고 깔끔해서 좋아요~~",칼칼한 맛
농심 신라면 건면 97g,"담백칼칼 좋아요. 건면이라서
담백칼칼 좋아요. 건면이라서",칼칼한 맛
농심 신라면 건면 97g,"느끼하지않고 칼칼해서 좋아요
느끼하지않고 칼칼해서 좋아요",칼칼한 맛
더본코리아 더본 빽쿡 빽라면 115g,"살짝 맵고 칼칼해여
살짝 맵고 칼칼해여",칼칼한 맛
농심 올리브 짜파게티 140g,"계속 애용하는 제품이고, 좋아요
계속 애용하는 제품이고, 좋아요",좋아요
오뚜기 열 라면 120g,"애용하는제품입니다 ~~
애용하는제품입니다
~~",좋아요
삼양 삼양라면 120g,"신랑이 좋아해서 애용하는 상품이에요
신랑이 좋아해서 애용하는 상품이에요",좋아요
농심 농심김치사발면 김치 사발면 86g,"비상용식랴입니다 국물깔끔해서 좋아하는 제품입니다
비상용식랴입니다 국물깔끔해서 좋아하는 제품입니다",좋아요
오뚜기 진짬뽕 130g,"좋아하는제품입니다~~~
좋아하는제품입니다~~~",좋아요
오뚜기 육개장 104g,"좋아하는 제품~~~~~~~~~~
좋아하는 제품~~~~~~~~~~",좋아요
오뚜기 육개장 104g,"가성비 굳. 타사 제품과 비교는
가성비 굳. 타사 제품과 비교는",좋아요
농심 신라면 건면 97g,"애용하고있는 상품이에요
애용하고있는 상품이에요",좋아요
오뚜기 진라면컵 매운맛 65g,"잘~받앗어요~항시 애용하는 제품이에요
잘~받앗어요~항시 애용하는 제품이에요",좋아요
농심 오징어짬뽕 124g,"애용하는 상품입니다
애용하는 상품입니다",좋아요
오뚜기 참깨라면 115g,"참깨라면 깔끔하고 매콤하고 맛있어요
참깨라면 깔끔하고 매콤하고 맛있어요",좋아요
오뚜기 참깨라면 115g,"참깨라면 고소하고 맛있어요 항상 맛있게 먹고 있어요
참깨라면 고소하고 맛있어요 항상 맛있게 먹고 있어요",좋아요
오뚜기 참깨라면 115g,"참깨라면이 전 너무 칼칼하고 맛있어요
참깨라면이 전 너무 칼칼하고 맛있어요",좋아요
오뚜기 참깨라면 115g,"참깨라면 아주 맛있어요~~~ ^^
참깨라면 아주 맛있어요~~~ ^^",좋아요
오뚜기 참깨라면 115g,"참깨라면 맛이 고소하고 좋아요
참깨라면 맛이 고소하고 좋아요",좋아요
오뚜기 참깨라면 115g,"아들이좋아하는 고소한 참깨라면 국물도 진하고맛나요
아들이좋아하는
고소한 참깨라면 국물도 진하고맛나요",좋아요
오뚜기 참깨라면 115g,"참깨라면 맛있어요. 잘 받았습니다.
참깨라면 맛있어요. 잘 받았습니다.",좋아요
오뚜기 참깨라면 115g,"참깨라면 고소하고 맛있어요 맵지않아 좋아요
참깨라면
고소하고 맛있어요
맵지않아 좋아요",좋아요
오뚜기 참깨라면 115g,"큰아이는 참깨라면이 제일 맛있다고 합니다 약간 더 얼큰...
큰아이는 참깨라면이 제일 맛있다고 합니다
약간 더 얼큰했으면 좋겠다고 하네요",좋아요
오뚜기 참깨라면 110g,"은근히 맛나는 참깨 ㅎㅎㅎㅎ
은근히 맛나는 참깨 ㅎㅎㅎㅎ",좋아요
농심 올리브 짜파게티 140g,"짜장라면은 역시.....짜파게티!! 주말에 간단하게 한끼 해결에 좋아요
짜장라면은 역시.....짜파게티!! 주말에 간단하게 한끼 해결에 좋아요",좋아요
농심 올리브 짜파게티 140g,"일요일엔 짜파게티 먹는날. 짜장라면중
일요일엔 짜파게티 먹는날. 짜장라면중 제일 맛나요",좋아요
농심 올리브 짜파게티 140g,"무조건 일요일엔 짜파구리죠. 정말 맛있어요
무조건 일요일엔 짜파구리죠. 정말 맛있어요",좋아요
농심 올리브 짜파게티 140g,"좋은 가격에 잘 샀어요 일요일엔 짜파게티죠
좋은 가격에 잘 샀어요 일요일엔 짜파게티죠",좋아요
농심 올리브 짜파게티 140g,"일요일은 짜파게티죠..언제나 맛있습니다
일요일은 짜파게티죠..언제나 맛있습니다",좋아요
농심 올리브 짜파게티 140g,"싸게 잘샀어요 일요일은 짜파게티~~^^
싸게 잘샀어요 일요일은 짜파게티~~^^",좋아요
농심 올리브 짜파게티 140g,"일요일에는 짜파게티죠~맛있습니다.
일요일에는 짜파게티죠~맛있습니다.",좋아요
농심 올리브 짜파게티 140g,"일요일은 짜파게티 잘 먹었어요
일요일은 짜파게티 잘 먹었어요",좋아요
농심 올리브 짜파게티 140g,"짜파게티는 일요일에 억어요.
짜파게티는 일요일에 억어요.",좋아요
농심 농심육개장사발면 육개장 사발면 86g,"배송이 좀 느렸지만 상품은 좋아서 만족합니다
배송이 좀 느렸지만 상품은 좋아서 만족합니다",배송 문제
오뚜기 진라면 매운맛 120g,"벌써,2번째 구입이네여? 배송이 느려서 그렇치 맘에 드네여,,,진라면40봉,,매운맛,,다음에도,,,
벌써,2번째 구입이네여? 배송이 느려서 그렇치 맘에 드네여,,,진라면40봉,,매운맛,,다음에도,,,",배송 문제
농심 신라면 65g,"배송은 좀 느렸지만 제품은 좋아요
배송은 좀 느렸지만 제품은 좋아요",배송 문제
농심 농심김치사발면 김치 사발면 86g,"배송이 느리고~ 상품은 아주 좋습니다.
배송이 느리고~
상품은 아주 좋습니다.",배송 문제
오뚜기 진짬뽕 130g,"상품 만족합니다 국물이 맛잇어여ㅛㅔ배송은 조금 느린편입...
상품 만족합니다 국물이 맛잇어여ㅛㅔ배송은 조금 느린편입니다 1 2 ㅐ",배송 문제
오뚜기 육개장 104g,"상품은 만족하나 배송이 좀 느렸습니다
상품은 만족하나 배송이 좀 느렸습니다",배송 문제
오뚜기 참깨라면 115g,"전보다 조금 느려진 배송이지만 좋은 상품 많이 파세요.
전보다 조금 느려진 배송이지만
좋은 상품 많이 파세요.",배송 문제
농심 신라면 건면 97g,"역시 배송은 좀 느리지만 편하게 구매할수 있어서 만족합니다.
역시 배송은 좀 느리지만 편하게 구매할수 있어서 만족합니다.",배송 문제
오뚜기 참깨라면 110g,"배송은 느리지만 제품은 만족합니다
배송은 느리지만 제품은 만족합니다",배송 문제
오뚜기 컵누들 우동맛 38.1g,"배송은 느리지만 맛있음
배송 느림컵누들은 맛있음 ~ 좋아요",배송 문제
오뚜기 진라면 매운맛 120g,"남편과 딸이 맛있어해요 .저는 라면
남편과 딸이 맛있어해요 .저는 라면 이름이 이뻐서 좋아하구요~진💜",남편이 좋아하는
오뚜기 진라면 매운맛 120g,"우리집 남자가 좋아하는 라면인데 나는
우리집 남자가 좋아하는 라면인데 나는 싫어한다",남편이 좋아하는
농심 안성탕면 125g,"ㅎㅎ 남편이 좋아해요. 호불호 라면?
ㅎㅎ 남편이 좋아해요. 호불호 라면?",남편이 좋아하는
오뚜기 열 라면 120g,"남편이 좋아하는 열라면
남편이 좋아하는 열라면",남편이 좋아하는
삼양 삼양라면 120g,"남편최애 라면이에요
남편최애 라면이에요",남편이 좋아하는
삼양 삼양라면 120g,"제 취향은 아닌데 남편이,좋아해요.
제 취향은 아닌데 남편이,좋아해요.",남편이 좋아하는
오뚜기 진라면 순한맛 120g,"매운거 못 먹는 남편 딱좋아요.
매운거 못 먹는 남편 딱좋아요.",남편이 좋아하는
오뚜기 참깨라면 115g,"남편님이 좋아하는 라면 맛있어요
남편님이 좋아하는 라면 맛있어요",남편이 좋아하는
오뚜기 참깨라면 115g,"라면
남편이 좋아하는 라면이에요",남편이 좋아하는
농심 사리곰탕면 110g,"남편이 좋아하는라면이에요
남편이 좋아하는라면이에요",남편이 좋아하는
삼양 불닭볶음면 140g,"엄청 매운데 중독성 있어요.
엄청 매운데 중독성 있어요.",좋아요
삼양 불닭볶음면 140g,"유통기한임박으로 저렴히 삿어요
몸에좋지는않아도매운중독성 때문에 자꾸찾네요",좋아요
삼양 불닭볶음면 140g,"불닭 중독… 큰일났어요
불닭 중독… 큰일났어요",좋아요
삼양 불닭볶음면 140g,"제입엔 별로 안 매워서 실망....하지만 중독성은 있어...
제입엔 별로 안 매워서 실망....하지만 중독성은 있어요~",좋아요
삼양 불닭볶음면 140g,"보통이에요
매운데 중독성이 있어요~",좋아요
오뚜기 열 라면 120g,"맛있어요
최애라면입니다.적당한 얼큰함이 중독성이 있어요.",좋아요
오뚜기 열 라면 120g,"매콤해서 중독성 있네요
매콤해서 중독성 있네요",좋아요
삼양 불닭볶음면 큰컵 105g,"중독성 있어요~~~~~~^
중독성 있어요~~~~~~^",좋아요
오뚜기 육개장 104g,"잘먹고 있어요 맛이 중독이네요
잘먹고 있어요 맛이 중독이네요",좋아요
팔도 틈새라면 빨계떡 120g,"좋아요
재구매합니다 요제품만 계속 먹게되네요 중독성갑입니다",좋아요
오뚜기 참깨라면 110g,"얼마나맛있게요?? ㅎㅎ역시믿을만한^^중독수준입니더
얼마나맛있게요?? ㅎㅎ역시믿을만한^^중독수준입니더",좋아요
농심 사리곰탕면 110g,"최애라면 중독성 있어요
최애라면 중독성 있어요",좋아요
오뚜기 진라면 매운맛 120g,"싼맛에 삿더니 스프가
싼맛에 삿더니 스프가
덜들어가 싱거워요
맛없음 ㅜㅜ",별로이다
농심 안성탕면 125g,"스프가 너무 맵거나 짜지가 않아서 좋아요
스프가 너무 맵거나 짜지가 않아서 좋아요",좋아요
농심 올리브 짜파게티 140g,"라면 스프를 조금 더 넣어서 인공조미
라면 스프를 조금 더 넣어서 인공조미요맛을 최대로 끌어 먹으면 와~~ 끝내줘요~",스프 언급
오뚜기 열 라면 120g,"스프가 너무 빨간색이라 걱정했는데 생각보다 안매워요.
스프가 너무 빨간색이라 걱정했는데 생각보다 안매워요.",스프 언급
오뚜기 열 라면 120g,"라면스프가 요즘 왜 이러는지 ㅠㅠ습기가 들어간 듯 스프...
라면스프가 요즘 왜 이러는지 ㅠㅠ습기가 들어간 듯 스프가 딱딱해요",스프 언급
오뚜기 열 라면 120g,"습기가 찬 스프 교환 번거로워 그냥 먹긴하네요 ㅠㅠ
습기가 찬 스프 교환 번거로워 그냥 먹긴하네요 ㅠㅠ",스프 언급
오뚜기 열 라면 120g,"맵긴하네요 먹을만해요 스프를 조금 덜넣어요
맵긴하네요 먹을만해요 스프를 조금 덜넣어요",스프 언급
오뚜기 컵누들 매콤한맛 37.8g,"좋아요
우동을 좋아해서 일부러 우동맛을 주문했는데생각보다 스프가 우동맛을 못느끼겠네요조금실망",스프 언급
오뚜기 진짬뽕 130g,"맛있지만 스프가 너무 짜서 반만 넣고 먹어요
맛있지만 스프가 너무 짜서 반만 넣고 먹어요",스프 언급
팔도 비빔면 130g,"요번에 나온 비빔면은 조금 맵네요어묵국수프도 들어있네요
요번에 나온 비빔면은 조금 맵네요
어묵국수프도 들어있네요",스프 언급
오뚜기 진라면컵 매운맛 65g,"조금 짭니다. 스프를 70프로만 넣으세요
조금 짭니다. 스프를 70프로만 넣으세요",스프 언급
농심 신라면 120g,"라면.중에 최고이지요~
라면.중에 최고이지요~",좋아요
농심 신라면 120g,"가성비 최고 최고 입니다
가성비 최고 최고 입니다",좋아요
농심 농심육개장사발면 육개장 사발면 86g,"라면은 이게 최고예요
라면은 이게 최고예요",좋아요
오뚜기 진라면 매운맛 120g,"얼큰한 라면으론 최고인듯 하네요!
얼큰한 라면으론 최고인듯 하네요!",좋아요
농심 안성탕면 125g,"라면은 안성탄면이 최고 가성비 우수
라면은 안성탄면이 최고 가성비 우수",좋아요
농심 안성탕면 125g,"라면은 간식으로 최고예요.
라면은 간식으로 최고예요.",좋아요
농심 안성탕면 125g,"라면
라면중에 최고중에 최고죠",좋아요
삼양 불닭볶음면 140g,"편하게 잘 받았어요. 불닭은 최고 👍
편하게 잘 받았어요. 불닭은 최고 👍",좋아요
오뚜기 진라면컵 매운맛 65g,"가성비로 최고입니다
가성비로 최고입니다",좋아요
팔도 왕뚜껑 110g,"간식으로도 최고입니다
간식으로도 최고입니다",좋아요
더본코리아 더본 빽쿡 빽라면 115g,"그냥 라면은 농심 삼양 전문업체가 최고인 듯
그냥 라면은 농심 삼양 전문업체가 최고인 듯",좋아요
농심 농심육개장사발면 육개장 사발면 86g,"맛있어요 추억의맛 입니다.
맛있어요 추억의맛 입니다.",추억의 맛
농심 농심육개장사발면 육개장 사발면 86g,"너무맛있어요 추억의맛
너무맛있어요 추억의맛",추억의 맛
농심 농심육개장사발면 육개장 사발면 86g,"어릴 때 먹던 그맛 그대로 추억의 맛
어릴 때 먹던 그맛 그대로 추억의 맛",추억의 맛
농심 농심육개장사발면 육개장 사발면 86g,"믿고 먹는 사발면~~ 추억의 맛
믿고 먹는 사발면~~ 추억의 맛",추억의 맛
농심 안성탕면 125g,"그시절 추억의맛 맛있네요
그시절 추억의맛 맛있네요",추억의 맛
삼양 삼양라면 120g,"삼양라면은 추억라면 맛있어요
삼양라면은 추억라면 맛있어요",추억의 맛
삼양 삼양라면 120g,"추억이 있는 맛있는 라면이예요
추억이 있는 맛있는 라면이예요",추억의 맛
오뚜기 참깨라면 115g,"추억의 라면 참깨~~~
추억의 라면 참깨~~~",추억의 맛
삼양 삼양라면 골드 120g,"추억의 라면이죠. 맛있어요.
추억의 라면이죠. 맛있어요.",추억의 맛
삼양 삼양라면 골드 120g,"예전추억을살리면 먹어봐야겠어요
예전추억을살리면 먹어봐야겠어요",추억의 맛
오뚜기 진라면 매운맛 120g,"계속 이용하는 제품 입니다
계속 이용하는 제품 입니다",좋아요
농심 안성탕면 125g,"자주 이용하는 상품입니다
자주 이용하는 상품입니다",좋아요
삼양 불닭볶음면 140g,"자주 이용하는 제품입니다
자주 이용하는 제품입니다",좋아요
삼양 삼양라면 120g,"자주 이용하는 제품.
자주 이용하는 제품.",좋아요
삼양 삼양라면 120g,"계속 이용하는 제품 입니다
계속 이용하는 제품 입니다",좋아요
삼양 삼양라면 120g,"일반적으로 필요한 제품
일반적으로 필요한 제품",좋아요
오뚜기 컵누들 매콤한맛 37.8g,"늘 이용하는 제품이에요
늘 이용하는 제품이에요",좋아요
오뚜기 육개장 104g,"낱개로왔네요 자주 이용하는 제품입니다
낱개로왔네요 자주 이용하는 제품입니다",좋아요
농심 신라면 건면 97g,"속에 부담없어서 자주이용하는 제품
속에 부담없어서 자주이용하는 제품",좋아요
오뚜기 진라면컵 매운맛 65g,"자주 이용하는 상품이에요~~
자주 이용하는 상품이에요~~",좋아요
농심 신라면 120g,"유통기한 넉넉하고 라면중에 제일 맛있어요~
유통기한 넉넉하고 라면중에 제일 맛있어요~",유통기한 넉넉함
농심 신라면 120g,"유통기한 좋아요 맛있어요
유통기한 좋아요 맛있어요",유통기한 넉넉함
오뚜기 진라면 매운맛 120g,"유통기한도 괜찮고 맛있어요^^
유통기한도 괜찮고 맛있어요^^",유통기한 넉넉함
농심 안성탕면 125g,"유통기한도 적당하고 맛있어요
유통기한도 적당하고 맛있어요",유통기한 넉넉함
농심 얼큰한 너구리 120g,"유통기한이 넉넉해요 맛은 뭐 보장이죠
유통기한이 넉넉해요 맛은 뭐 보장이죠",유통기한 넉넉함
삼양 불닭볶음면 140g,"유통기한도 넉넉하고 맛있어요!
유통기한도 넉넉하고 맛있어요!",유통기한 넉넉함
오뚜기 진짬뽕 130g,"유통기한이 넉넉해요 맛있아요
유통기한이 넉넉해요 맛있아요",유통기한 넉넉함
오뚜기 진짬뽕 130g,"유통기한도 넉넉하고 맛있습니다
유통기한도 넉넉하고 맛있습니다",유통기한 넉넉함
팔도 틈새라면 빨계떡 120g,"유통기한도 넉넉하고 맛있네요.
유통기한도 넉넉하고 맛있네요.",유통기한 넉넉함
오뚜기 참깨라면 110g,"맛있어요유효기간도 만족합니다
맛있어요
유효기간도 만족합니다",유통기한 넉넉함
농심 신라면 120g,"유통기한 3개월 정도 남았네요 좀 길었으면..
유통기한 3개월 정도 남았네요 좀 길었으면..",유통기한 문제
농심 안성탕면 125g,"유통기한이 5개월 남아았네요;;; 80봉시켯는데.......
유통기한이 5개월 남아았네요;;;
80봉시켯는데....아쉽네요",유통기한 문제
농심 얼큰한 너구리 120g,"라면유통기한이 4개월남았네요
라면유통기한이 4개월남았네요",유통기한 문제
오뚜기 열 라면 120g,"유통기한못보고 샀네요
유통기한못보고산 제잘못또 버리게 생겼네요ㅠ라면6개월로 알고있는데 이제 생각보다 짧은게 왔네요ㅠ",유통기한 문제
오뚜기 열 라면 120g,"조혜다시 지난 달 만에
조혜다시 지난 달 만에",유통기한 문제
삼양 삼양라면 120g,"잘 받았습니다.유통기한 6개월 정도 남아있네여
잘 받았습니다.
유통기한 6개월 정도 남아있네여",유통기한 문제
오뚜기 진라면 순한맛 120g,"유통기간이 4개월 남아서 아쉽네요
유통기간이 4개월 남아서 아쉽네요",유통기한 문제
오뚜기 진라면 순한맛 120g,"열심히 5월달중에 먹어치우는 중이네요.유통기한이 6월달까지라서....
열심히 5월달중에 먹어치우는 중이네요.유통기한이 6월달까지라서....",유통기한 문제
오뚜기 진라면 순한맛 120g,"유통기한이 3개월 약간 넘게 남았네요.
유통기한이 3개월 약간 넘게 남았네요.",유통기한 문제
팔도 비빔면 130g,"오 좋아요..유통기한 날짜 5개월 이상 남았구요..포장은 그닦....
오 좋아요..유통기한 날짜 5개월 이상 남았구요..포장은 그닦....",유통기한 문제
농심 신라면 120g,"배송 잘 왔습니다 한국인의 매운맛
배송 잘 왔습니다 한국인의 매운맛",좋아요
농심 신라면 120g,"역시 신라면. 한국인의 매운맛
역시 신라면. 한국인의 매운맛",좋아요
농심 신라면 120g,"신라면은 한국인의매운맛이죠
신라면은 한국인의
매운맛이죠",좋아요
농심 신라면 120g,"신라면맛 모르는 한국사람 없을듯.그냥 기본라면
신라면맛 모르는 한국사람 없을듯.
그냥 기본라면",좋아요
농심 신라면 120g,"보통이에요
농심신라면 사나이 울리는 한국 사람이 좋아하는신 라 면. ㅎㅉ늘깃.얼큰 맛나요",좋아요
농심 얼큰한 너구리 120g,"너구리맛 모르는 한국사람 없을듯.그냥 기본라면
너구리맛 모르는 한국사람 없을듯.
그냥 기본라면",좋아요
농심 신라면 65g,"신라면은 역시 한국사람에겐 최고에 라면입니다. 세일 덕...
신라면은 역시 한국사람에겐 최고에 라면입니다.
세일 덕분에 잘 구매했어요.",좋아요
농심 신라면 65g,"가격이 오른다고해서 재구매 하려는데 벌써 올랐네요. 한...
가격이 오른다고해서 재구매 하려는데 벌써 올랐네요.
한국인이 좋아하는 신라면 추석 후에 올리지요.
아무튼 잘 먹겠어요",가격 언급
삼양 삼양라면 120g,"대한민국 사람이 가장 많이 먹는 라면
대한민국 사람이 가장 많이 먹는 라면 가운데 하나가 삼앙라면 아닐까요. 장수식품 만큼 그 이름값을 하네요",좋아요
농심 오징어짬뽕 124g,"해외 파견 중 잠시 한국에 왔는데 역시 라면만큼 생각나는 음식이 없어요. ㅎ
해외 파견 중 잠시 한국에 왔는데 역시 라면만큼 생각나는 음식이 없어요. ㅎ",좋아요
농심 농심육개장사발면 육개장 사발면 86g,"저녁에 출출할때 간식으로 좋아요 간편
저녁에 출출할때 간식으로 좋아요
간편해서",저녁과 밤에는 이 라면
농심 농심육개장사발면 육개장 사발면 86g,"네 감사합니다 저녁에 퇴근하고 갈까요
네 감사합니다 저녁에 퇴근하고 갈까요",저녁과 밤에는 이 라면
농심 농심육개장사발면 육개장 사발면 86g,"늦은저녁 출출할때 딱이라 늘 챙겨놓아
늦은저녁 출출할때 딱이라 늘 챙겨놓아요~~",저녁과 밤에는 이 라면
농심 농심육개장사발면 육개장 사발면 86g,"밤에 출출할때 간편하게 좋아
밤에 출출할때 간편하게 좋아",저녁과 밤에는 이 라면
오뚜기 컵누들 매콤한맛 37.8g,"역시 밤에 출출할때 이것만한게 없어요
역시 밤에 출출할때 이것만한게 없어요",저녁과 밤에는 이 라면
오뚜기 컵누들 매콤한맛 37.8g,"좋아요
아침이나 늦은 저녁 간단히 부담없이 한끼 해결에 괜찮은것같아요",저녁과 밤에는 이 라면
오뚜기 컵누들 매콤한맛 37.8g,"저녁에 먼가 땡길때 아주 좋아요
저녁에 먼가 땡길때 아주 좋아요",저녁과 밤에는 이 라면
농심 농심김치사발면 김치 사발면 86g,"남편 밤 저녁 간식용
남편 밤 저녁 간식용",저녁과 밤에는 이 라면
농심 신라면 건면 97g,"좋아요 오늘저녁은 라면으로 ㅎ
좋아요 오늘저녁은 라면으로 ㅎ",저녁과 밤에는 이 라면
오뚜기 진라면컵 매운맛 65g,"늦은밤 출출할때 안서맞춤입니다
늦은밤 출출할때 안서맞춤입니다",저녁과 밤에는 이 라면
농심 얼큰한 너구리 120g,"오늘 오전에 주문해서 오후에 받으니 너무 편하고 좋아요
오늘 오전에 주문해서 오후에 받으니 너무 편하고 좋아요",배송 만족
오뚜기 열 라면 120g,"유통기한 많이 남았어요 주문 다음날 이침에 도착해서 넘...
유통기한 많이 남았어요
주문 다음날 이침에 도착해서 넘나 좋아요",배송 만족
오뚜기 진라면 순한맛 120g,"새벽에 급히 나갈 땐 라면 만큼 좋은 것도 없죠
새벽에 급히 나갈 땐 라면 만큼 좋은 것도 없죠",배송 만족
오뚜기 진라면 순한맛 120g,"스마일 배송으로 새벽에 도착했네요... 상품 상태 굿....
스마일 배송으로 새벽에 도착했네요... 상품 상태 굿... 진라면 좋죠...",배송 만족
농심 농심김치사발면 김치 사발면 86g,"맛있게 먹어요 아 그럼 내일 아침 일찍 일어나서 씻고
맛있게 먹어요 아 그럼 내일 아침 일찍 일어나서 씻고",배송 만족
팔도 비빔면 130g,"새벽 배송 너무 좋아요
새벽 배송 너무 좋아요",배송 만족
농심 신라면 건면 97g,"새벽주문해서 오후에 받았어요. 마트에 가지 않아도 되구 편하네요
새벽주문해서 오후에 받았어요. 마트에 가지 않아도 되구 편하네요",배송 만족
농심 신라면 120g,"빠른 배송 좋은 제품 감사해요
빠른 배송 좋은 제품 감사해요가격비교사이트를 거쳐서 여기저기 알아보다가 이 제품을 알게되었읍니다. 예전에 구매했던것보다 싸고 평도 좋아서 고민은 조금만 하고 선택하게 되었읍니다. 역시 선택은 틀리지 않았고, 빠른 배송에 만족하게 되었읍니다. 제품 포장도 괜찮아 좋았습니다.앞으로도 계속 좋은 제품 보다싸게 계속 제공해 주셨으면 합니다. 가능하면 이쪽에서 구매하고 싶습니다. 많이 파시기 바랍니다.",배송 만족
오뚜기 진라면 매운맛 120g,"빠른 배송 좋은 제품 감사해요 가격비교사이트를 거쳐서 ...
빠른 배송 좋은 제품 감사해요
가격비교사이트를 거쳐서 여기저기 알아보다가 이 제품을 알게되었읍니다.
예전에 구매했던것보다 싸고 평도 좋아서 고민은 조금만 하고 선택하게 되었읍니다.
역시 선택은 틀리지 않았고, 빠른 배송에 만족하게 되었읍니다. 제품 포장도 괜찮아 좋았습니다.
앞으로도 계속 좋은 제품 보다싸게 계속 제공해 주셨으면 합니다. 가능하면 이쪽에서 구매하고 싶습니다.
많이 파시기 바랍니다.",배송 만족
농심 얼큰한 너구리 120g,"빠른 배송 좋은 제품 감사해요
빠른 배송 좋은 제품 감사해요가격비교사이트를 거쳐서 여기저기 알아보다가 이 제품을 알게되었읍니다. 예전에 구매했던것보다 싸고 평도 좋아서 고민은 조금만 하고 선택하게 되었읍니다. 역시 선택은 틀리지 않았고, 빠른 배송에 만족하게 되었읍니다. 제품 포장도 괜찮아 좋았습니다.앞으로도 계속 좋은 제품 보다싸게 계속 제공해 주셨으면 합니다. 가능하면 이쪽에서 구매하고 싶습니다. 많이 파시기 바랍니다.",배송 만족
삼양 삼양라면 120g,"네이버장보기 항상 이용하고 있는데 지정된 시간보다 항상 빨리해주셔서 좋은점도 있는데 냉동제품이나 유제품을 주문했을때는 신경이 쓰이더라구요. 예정시간보다 다음타임으로 선택하는게 좋을
네이버장보기 항상 이용하고 있는데 지정된 시간보다 항상 빨리해주셔서 좋은점도 있는데 냉동제품이나 유제품을 주문했을때는 신경이 쓰이더라구요. 예정시간보다 다음타임으로 선택하는게 좋을것 같아요..^^ 배송은 항상 깔끔하게 해주셔서 좋아요!",배송 만족
오뚜기 진라면 순한맛 120g,"가격만족도:저렴한편인듯합니다. 배송: 포장도 깔끔하게 ...
가격만족도:저렴한편인듯합니다.
배송: 포장도 깔끔하게 잘되고 배송 빠르게 잘왔습니다.
맛: 맛있습니다.
재구매횟수 또는 기간 : 단골
재구매 의향: 다먹고 재주문
그 외 도움이 될 만한 사용후기 : 가게안가고 옥션에서 편하게 살 수있어 좋아요.",배송 만족
오뚜기 진짬뽕 130g,"저렴하게 잘 구매할수있어서요.
저렴하게 잘 구매했습니다. 고맙습니다.제품이 잘도착했고. 저는 추천합니다. 저렴하게 구매할수있어 좋았습니다.가성비 좋고, 전체적으로 만족할만 합니다.재구매 기회가 있다면. 다시한번 구매할 수 있을 것 같습니다.배송도 제품도 괜찮은것 같습니다.빠른배송으로 제품을 잘 받았습니다.배송기사님께 감사의 인사를 드립니다.앞으로도 안전하고 빠른 배송부탁드립니다.",배송 만족
팔도 비빔면 130g,"좋아요
약속한 시간내에 안전하게.집앞까지 잘 배송해주셨어여. 이마트 배송은 뭔가 정확하고 신속해요.출발하면서 문자. 도착바로전 문자. 알림도 잘해주셔서 잘 받을수 잇어 좋네요. 여름철에 입맛없을때 비빔면 최고. 보통5개입으로 판매하던데...여기는 4개입으로 가격을 낮추어서 판매해서 더 좋은거 같아요. 다른 비빔면들보다 팔도 비빔면이 원조입니다. 역시 맛나요. 소스비법. 유통기한도 넉넉해요. 2023년1월5일까지입니다.감사합니다.",배송 만족
팔도 비빔면 130g,"빠른 배송 좋은 제품 감사해요
빠른 배송 좋은 제품 감사해요
가격비교사이트를 거쳐서 여기저기 알아보다가 이 제품을 알게되었읍니다.
예전에 구매했던것보다 싸고 평도 좋아서 고민은 조금만 하고 선택하게 되었읍니다.
역시 선택은 틀리지 않았고, 빠른 배송에 만족하게 되었읍니다. 제품 포장도 괜찮아 좋았습니다.
앞으로도 계속 좋은 제품 보다싸게 계속 제공해 주셨으면 합니다. 가능하면 이쪽에서 구매하고 싶습니다.
많이 파시기 바랍니다.",배송 만족
팔도 틈새라면 빨계떡 120g,"마트가니 힘들어 배송받았는데 넘 좋아요~~감사합니다. 배송도 원하는시간에 되었어요.자주 이용하게 될것 같아요, 신선하고 저렴하게 잘 샀어요. 특히 퍼실세제는 무게도 무겁고 부피가
마트가니 힘들어 배송받았는데 넘 좋아요~~감사합니다. 배송도 원하는시간에 되었어요.자주 이용하게 될것 같아요, 신선하고 저렴하게 잘 샀어요. 특히 퍼실세제는 무게도 무겁고 부피가 있다보니 배송으로 하니 넘 편하고 좋아요. 마트보다 저렴해서 더 좋아요.",배송 만족
팔도 틈새라면 빨계떡 120g,"과한 포장이 없고,사전에 고지된 배송 시간을 정확히 지키며,신선도가 필요한 제품은 늘 신선한 상태로 배송되서이마트몰을 자주 애용합니다!이번에도 역시 이 부분 모두 만족했구요쿠폰 등
과한 포장이 없고,
사전에 고지된 배송 시간을 정확히 지키며,
신선도가 필요한 제품은 늘 신선한 상태로 배송되서
이마트몰을 자주 애용합니다!

이번에도 역시 이 부분 모두 만족했구요
쿠폰 등의 사용으로 오프라인보다
저렴한 가격으로 구매할 수 있었어요!

다음번에도 재구매 하겠습니다!",배송 만족
삼양 삼양라면 120g,"삼양라면
삼양라면 40봉 만족합니다",좋아요
삼양 삼양라면 120g,"라면은 삼양라면 제일좋아해요
라면은 삼양라면 제일좋아해요",좋아요
삼양 삼양라면 120g,"라면은 삼양라면 이지여
라면은 삼양라면 이지여",좋아요
삼양 삼양라면 120g,"스삼양라면 삼양 라면
스삼양라면 삼양 라면",좋아요
삼양 삼양라면 120g,"라면은 ,역시 삼양 이죠
라면은 ,역시 삼양 이죠",좋아요
삼양 삼양라면 120g,"라면은 역시 삼야이죠.
라면은 역시 삼야이죠.",좋아요
삼양 삼양라면 120g,"라면은 삼양이죠
라면은 삼양이죠",좋아요
삼양 삼양라면 120g,"라면은 삼양 라면이지요
라면은 삼양 라면이지요",좋아요
삼양 삼양라면 120g,"삼양라면 라면원조 삼양
삼양라면 라면원조 삼양",좋아요
삼양 불닭볶음면 큰컵 105g,"만족합니다........믿고 찾는 라면의원조. 삼양!삼양라면, 쫌 살려 주세요!
만족합니다........
믿고 찾는 라면의원조. 삼양!
삼양라면, 쫌 살려 주세요!",좋아요
농심 안성탕면 125g,"유통기한이 아주 길진 않지만 괜찮아요. 라면은 어차피 금방 먹어버리니까요^^
유통기한이 아주 길진 않지만 괜찮아요. 라면은 어차피 금방 먹어버리니까요^^",유통기한 문제
농심 안성탕면 125g,"유통기한이 짧아서 촉박하네요 잘먹을께요
유통기한이 짧아서 촉박하네요 잘먹을께요",유통기한 문제
농심 올리브 짜파게티 140g,"유통기한이짧았지만 잘먹었습니다
유통기한이짧았지만 잘먹었습니다",유통기한 문제
농심 얼큰한 너구리 120g,"잘 받았습니다. 유통기한 짧어서 빨리먹어야해요
잘 받았습니다. 유통기한 짧어서 빨리먹어야해요",유통기한 문제
삼양 불닭볶음면 140g,"유통기한은 짧긴한데 그전에 다 먹을거니까 대만족입니다
유통기한은 짧긴한데 그전에 다 먹을거니까 대만족입니다",유통기한 문제
삼양 불닭볶음면 140g,"유통기한이 8/7일까지라 짧은편입니다. 물론 그안에 다...
유통기한이 8/7일까지라 짧은편입니다. 물론 그안에 다먹겠지만 아쉽네요. 남편과 아들이 좋아해서 자주 사게 됩니다. 중독성 강한 매운맛입니다",유통기한 문제
오뚜기 열 라면 120g,"유효기간이 비교적 짧아요 빨리먹어야겠어요
유효기간이 비교적 짧아요
빨리먹어야겠어요",유통기한 문제
삼양 삼양라면 120g,"유통기한 라면이랑 음료수는 여유있는디 빵은 내일모레까진데 니같으면 먹을래? 얼척이없네 어쩐지 원플원이드라..
유통기한 라면이랑 음료수는 여유있는디 빵은 내일모레까진데 니같으면 먹을래? 얼척이없네 어쩐지 원플원이드라..",유통기한 문제
오뚜기 컵누들 매콤한맛 37.8g,"유통기한 꽤 있는 남았는데, 시험공부하다가 출출할 때 한번 씩 먹기에 좋아요 ㅎ 양이 많지는 않지만 칼로리가 낮아서 부담없어서 종종 자주 먹게 돼요~
유통기한 꽤 있는 남았는데, 시험공부하다가 출출할 때 한번 씩 먹기에 좋아요 ㅎ 양이 많지는 않지만 칼로리가 낮아서 부담없어서 종종 자주 먹게 돼요~",유통기한 문제
농심 신라면 건면 97g,"뭐 항상 대놓고 먹는 라면이라 유통기한이 막 넉넉하지는 않아요
뭐 항상 대놓고 먹는 라면이라 유통기한이 막 넉넉하지는 않아요",유통기한 문제
농심 신라면 120g,"신라면은 인터넷으로 처음 주문해봤는데 맛있네요
신라면은 인터넷으로 처음 주문해봤는데 맛있네요",인터넷 주문
농심 신라면 120g,"잘받았어요 라면을 인터넷이라 ..ㅋㅋ
잘받았어요 라면을 인터넷이라 ..ㅋㅋ",인터넷 주문
농심 농심육개장사발면 육개장 사발면 86g,"자주먹는 라면 인터넷으로 시켜봤는데 좋네요
자주먹는 라면 인터넷으로 시켜봤는데 좋네요",인터넷 주문
오뚜기 진라면 매운맛 120g,"농협하나로마트 인터넷 구입은 처음.비쵸비가 빠지긴 했지만 바로 연락주시고낼까지 보낸주기로 함.
농협하나로마트 인터넷 구입은 처음.
비쵸비가 빠지긴 했지만 바로 연락주시고
낼까지 보낸주기로 함.",인터넷 주문
농심 신라면 65g,"믿고 온라인으로 쇼핑해서 먹으니 편하고 좋으네요~
믿고 온라인으로 쇼핑해서 먹으니 편하고 좋으네요~",인터넷 주문
삼양 불닭볶음탕면 145g,"마트에서 구할수 없어 인터넷 주문했어요!!! 잘 구매했어요!! 라면이 좀 깨지긴했지만 ㅜ
마트에서 구할수 없어 인터넷 주문했어요!!! 잘 구매했어요!! 라면이 좀 깨지긴했지만 ㅜ",인터넷 주문
오뚜기 진라면 순한맛 120g,"마트에 진라면 가격이 올라 인터넷 주문. 잘 받았네요
마트에 진라면 가격이 올라 인터넷 주문. 잘 받았네요",인터넷 주문
오뚜기 컵누들 매콤한맛 37.8g,"인터넷으로 주문하면 너무 편해요~~~
인터넷으로 주문하면 너무 편해요~~~",인터넷 주문
농심 농심김치사발면 김치 사발면 86g,"걍그러네요...인터넷주문.. 담에는 마트에서 해야할듯.
걍그러네요...인터넷주문.. 담에는 마트에서 해야할듯.",인터넷 주문
삼양 삼양라면 골드 120g,"맛있는 라면인데 대형마트에는 없어서 인터넷으로 신청했어요^^
맛있는 라면인데 대형마트에는 없어서 인터넷으로 신청했어요^^",인터넷 주문
농심 신라면 120g,"신라면 맛있는데 물가가 많이 올랐어요,
신라면 맛있는데 물가가 많이 올랐어요,",가격 언급
농심 안성탕면 125g,"안성탕면 너무 좋아해요. 가격이 좀
안성탕면 너무 좋아해요. 가격이 좀 오른듯 해요. 바로 물가인상 번영된 듯 하네요.",가격 언급
농심 안성탕면 125g,"물가가 올라도 안성탕면은 다행이 그대로네요
물가가 올라도 안성탕면은 다행이 그대로네요",가격 언급
오뚜기 열 라면 120g,"조아요 잘구매했습니다 물가가 오른게 실감나네요ㅜ ...
조아요 잘구매했습니다 물가가 오른게 실감나네요ㅜ 마니파세요 ~",가격 언급
농심 신라면 120g,"신라면은 항상 쟁겨놓는 우리집 최애 라면이에요 ㅎ 농심이 가격이 올라서 슬프지만 집앞 마트보다 저렴하길래 바로 주문합니다^^
신라면은 항상 쟁겨놓는 우리집 최애 라면이에요 ㅎ 농심이 가격이 올라서 슬프지만 집앞 마트보다 저렴하길래 바로 주문합니다^^",가격 언급
농심 신라면 120g,"가족들이 좋아하는 라면이라서 늘 떨어지지않게 구매해두는...
가족들이 좋아하는 라면이라서 늘 떨어지지않게 구매해두는데 언제가부터 쿠폰행사를 하면 기존 금액에서 더 비싸게 판매하시니 쿠폰행사로 쿠폰적용해서 구매해도 크게 저렴하다고 느껴지지 않네요ㅠ옥션 구매후 주말에 집앞마트 행사할때 훨씬 더 저렴하게 구매하게되서 속은기분이라서 영~맘에 안드네요",가격 언급
오뚜기 진라면 매운맛 120g,"살수록 할인이라서 구~ 그러나 롯데마
살수록 할인이라서 구~
그러나 롯데마트맥스 창고형 박스가격이 더 저렴하게 구매할 수 있었지만 그날배송의 이점이 있어서 그냥 구매했지요~
라면에 호불호가 없는 입맛이라~ 가성비만으로 보면 좋아요~",가격 언급
농심 안성탕면 125g,"빅세일 일때 충동구매 세일 끝나니 바로 가격 내림 오히...
빅세일 일때 충동구매
세일 끝나니 바로 가격 내림
오히려 세일때보다 저렴
가격올리고 세일한다는건 알았지만
더 비쌀 줄이야. 일부품목 이겠지만
중복쿠폰 없으면 굳이 세일기간 충동구매
하지 말아야할듯",가격 언급
농심 얼큰한 너구리 120g,"라면값이 요즘 비싸져서 빅세일기간에 저렴하게구매했습니다...
라면값이 요즘 비싸져서 빅세일기간에 저렴하게구매했습니다.",가격 언급
오뚜기 열 라면 120g,"신랑이 좋아하는 라면이에요. 전에는
신랑이 좋아하는 라면이에요. 전에는 저렴해서 좋았는데 라면값이 너무 올라서 1일 1라면하는 저희집은 조금 부담스럽네요. 살수록 할인 이벤트도 없어져서 서운해요",가격 언급
삼양 삼양라면 120g,"라면 가격이 많이 올랐는데 싸게 구입해서 좋아요.
라면 가격이 많이 올랐는데
싸게 구입해서 좋아요.",가격 언급
삼양 삼양라면 120g,"라면값이 많이올랐는데 행사가격으로 저렴하게 샀어요
라면값이 많이올랐는데 행사가격으로 저렴하게 샀어요",가격 언급
오뚜기 진라면 순한맛 120g,"라면값이 너무올라 싼거로구입
라면값이 너무올라 싼거로구입",가격 언급
팔도 왕뚜껑 110g,"6개 한세트로 낱개 구매보다 착한 가격으로 구매했어요
6개 한세트로 낱개 구매보다 착한 가격으로 구매했어요",가격 언급
오뚜기 열 라면 120g,"원래
진라면 좋아했는데 진라면 특유의 냄새가 질리고가격도 조금올라 열라면으로 바궜는데 살짝매우냄새에 면발이 좋아요",냄새 언급
오뚜기 열 라면 120g,"열라면은 정말 냄새부터 매워요
열라면은 정말 냄새부터 매워요",냄새 언급
오뚜기 육개장 104g,"농심 제품과 다른 냄새가 납니다.
농심 제품과 다른 냄새가 납니다.",냄새 언급
농심 신라면 건면 97g,"건면 특유의 냄새가 많이 납니다
건면 특유의 냄새가 많이 납니다",냄새 언급
농심 신라면 건면 97g,"맛이별루네요 밀가루냄새가많이나요
맛이별루네요 밀가루냄새가많이나요",냄새 언급
더본코리아 더본 빽쿡 빽라면 115g,"생가보다 훨씬 많이 좋아요 냄새도 좋아요
생가보다 훨씬 많이 좋아요 냄새도 좋아요",냄새 언급
더본코리아 더본 빽쿡 빽라면 115g,"개인적으로 약간 이상한 냄새가 나서 별로네요.
개인적으로 약간 이상한 냄새가 나서 별로네요.",냄새 언급
더본코리아 더본 빽쿡 빽라면 115g,"냄새는 열라면처럼 매운냄새가맛은 얼큰하며 감칠맛나는 일반라면 맛먹을만합니다~
냄새는 열라면처럼 매운냄새가
맛은 얼큰하며 감칠맛나는 일반라면 맛
먹을만합니다~",냄새 언급
오뚜기 루픽 이천수 주먹감자라면 120g,"맛있어요 냄새가매운데 냄새만큼은 안매워요가격이 쪼곰비싼즛 ㅜ
맛있어요
냄새가매운데 냄새만큼은 안매워요
가격이 쪼곰비싼즛 ㅜ",냄새 언급
오뚜기 진라면 매운맛 120g,"오뚜기 진라면은 두말하면 입아픔 배송 빠름
오뚜기 진라면은 두말하면 입아픔 배송 빠름",좋아요
오뚜기 진라면 매운맛 120g,"라면은 역시 오뚜기
라면은 역시 오뚜기",좋아요
오뚜기 진라면 매운맛 120g,"가성비 좋은 라면은 역시 오뚜기 진라면
가성비 좋은 라면은 역시 오뚜기 진라면",좋아요
오뚜기 진라면 매운맛 120g,"오뚜기진 라면 진라면
오뚜기
진 라면 진라면",좋아요
오뚜기 열 라면 120g,"쇼핑윈도] GS 프레시몰[오뚜기]열라면 120g x 5입
쇼핑윈도] GS 프레시몰

[오뚜기]열라면 120g x 5입",좋아요
오뚜기 진라면 순한맛 120g,"갓뚜기라..농심보단 오뚜기로 갈아탔어요
갓뚜기라..농심보단 오뚜기로 갈아탔어요",좋아요
오뚜기 육개장 104g,"푸짐하네요.저렴
양도 많고.한끼에 충분해요.역시 오뚜기",좋아요
농심 농심육개장사발면 육개장 사발면 86g,"앞 마트란 가격은 비슷합니다
앞 마트란 가격은 비슷합니다",마트 판매와 비교
농심 신라면 65g,"앞 마트란 가격은 비슷합니다
앞 마트란 가격은 비슷합니다",마트 판매와 비교
삼양 삼양라면 120g,"매장과상태가동일하네요
매장과상태가동일하네요",마트 판매와 비교
오뚜기 진라면 순한맛 120g,"가격대는 다른 마트랑 비슷하네요감사합니다
가격대는 다른 마트랑 비슷하네요
감사합니다",마트 판매와 비교
오뚜기 컵누들 매콤한맛 37.8g,"마트에서 구매하는 것과 동일합니다.
마트에서 구매하는 것과 동일합니다.",마트 판매와 비교
농심 농심김치사발면 김치 사발면 86g,"마트에서 구매하는 제품과 동일합니다.
마트에서 구매하는 제품과 동일합니다.",마트 판매와 비교
오뚜기 참깨라면 115g,"주문 하고 보니 동네 슈퍼에서도 거의 같은 가격으로 묶음판매중이더라는...
주문 하고 보니 동네 슈퍼에서도 거의 같은 가격으로 묶음판매중이더라는...",마트 판매와 비교
농심 신라면 건면 97g,"유통기한 두달남은 라면을 마트에서 다 보네요
유통기한 두달남은 라면을 마트에서 다 보네요",마트 판매와 비교
팔도 왕뚜껑 110g,"스토어 상 설명과 상품이 유사합니다
스토어 상 설명과 상품이 유사합니다",마트 판매와 비교
팔도 왕뚜껑 110g,"스토어 설명과 상품이 유사합니다
스토어 설명과 상품이 유사합니다",마트 판매와 비교
농심 큰사발 튀김우동 111g,"가격은 마트와 비슷해요
가격은 마트와 비슷해요",마트 판매와 비교
농심 농심육개장사발면 육개장 사발면 86g,"가볍게 먹기 좋아요 ㅋㅋ 캠핑필수템 ㅋㅋ
가볍게 먹기 좋아요 ㅋㅋ 캠핑필수템 ㅋㅋ",캠핑용
농심 농심육개장사발면 육개장 사발면 86g,"캠핑갈때 물놀이갈때 먹으려 삿어요
캠핑갈때 물놀이갈때 먹으려 삿어요",캠핑용
농심 농심육개장사발면 육개장 사발면 86g,"캠핑용라면으로 적당합니다
캠핑용라면으로 적당합니다",캠핑용
농심 안성탕면 125g,"너무달아요그래도캠핑가서 잘먹었어요배송좋아요
너무달아요
그래도캠핑가서 잘먹었어요
배송좋아요",캠핑용
농심 신라면 65g,"캠핑가져가기 너무 좋아요
캠핑가져가기 너무 좋아요",캠핑용
팔도 비빔면 130g,"내일 캠핑가서 먹을겁니다
내일 캠핑가서 먹을겁니다",캠핑용
오뚜기 육개장 104g,"캠핑가서 먹으려고 샀어요
캠핑가서 먹으려고 샀어요",캠핑용
오뚜기 진라면컵 매운맛 65g,"캠핑용으로 준비했어요.
캠핑용으로 준비했어요.",캠핑용
팔도 왕뚜껑 110g,"울가족이 즐겨먹는 라면중하나예요.캠핑가서도 맛나게 먹구요
울가족이 즐겨먹는 라면중하나예요.캠핑가서도 맛나게 먹구요",캠핑용
농심 큰사발 튀김우동 111g,"캠핑용으로 아이들에게 딱 좋아요
캠핑용으로 아이들에게 딱 좋아요",캠핑용
삼양 불닭볶음면 140g,"좋아요
23.3.6까지 유통 기한. T멤버십에 장바구이 쿠폰 할인해서 싸게 샀네요. 불닭볶음면은 오리지널이 제일 낫네요. 만두나 계란 곁들여서 먹기에 좋아요. 한진 배송인 줄 알았는데 cj네요. 둘 다 안전배송이긴 한데 제 지역이 시간대가 약간 달라서...암튼 모두 맘에 들었네요.",가격 언급
삼양 불닭볶음면 140g,"저렴한 가격에 불닭볶음면을 먹을 수 있어서 만족합니다. 주문이 많이 밀려 배송이 약간 지연되었지만 그 부분은 어쩔 수 없는 부분이니까요.앞으로 이런 딜 많았으면 좋겠네요. 잘 먹을
저렴한 가격에 불닭볶음면을 먹을 수 있어서 만족합니다. 주문이 많이 밀려 배송이 약간 지연되었지만 그 부분은 어쩔 수 없는 부분이니까요.
앞으로 이런 딜 많았으면 좋겠네요. 잘 먹을게요.",가격 언급
삼양 불닭볶음면 140g,"유통기한 약 2개월정도 남은 불닭볶음면 저렴하게 주문해...
유통기한 약 2개월정도 남은 불닭볶음면 저렴하게 주문해서 맛나게 잘~먹겠숨니댕~^^",가격 언급
삼양 불닭볶음면 140g,"불닭볶음면 맛있어서 자주먹는데 그래도 묶음으로 저렴하게 샀어요
불닭볶음면 맛있어서 자주먹는데 그래도 묶음으로 저렴하게 샀어요",가격 언급
삼양 불닭볶음면 140g,"불닭볶음면 매콤한것을 좋아해서 구입했는데 시중마트보다 ...
불닭볶음면 매콤한것을 좋아해서 구입했는데 시중마트보다 저렴하고 좋네요.",가격 언급
삼양 불닭볶음면 140g,"불닭볶으면 잘 받았습니다.. 한번씩 매운맛이 땡길때 불...
불닭볶으면 잘 받았습니다..
한번씩 매운맛이 땡길때 불닭볶음면으로 해소하네요~ㅎㅎ
가격은 마트랑 비슷합니다..",가격 언급
삼양 삼양라면 120g,"보통이에요
삼양라면, 불닭볶음면, 까르보불닭 3가지가 들어있어서 구성이 좋았어요불닭볶음면 작은컵이 맘에 들어서 주문했어요 까르보불닭볶음면도 좋아하구요 여기에 국물라면까지 포함이니 주문을 안할수가업죠근데 유통기한이 짧았어요 22년7월까지였어요그건 조금 아쉽네요",가격 언급
삼양 삼양라면 120g,"보통이에요
불닭볶음면 처음사보는데 맵다고 하고 삼양 라면은 대체적으로 일상적인맛 저렴 하게 사서 만족해요",가격 언급
삼양 삼양라면 120g,"오로지 무료배송인척 배송비 다 받아가는 용도의 상품
불닦볶음면 대신 선택(위장 보호용 / 불닭볶음용은 너무 매울 수 있습니다. 청냥고추 급 매움 이라고 쓰여있!)아고 도대체 몇번을 사는건지 원...",가격 언급
삼양 불닭볶음면 큰컵 105g,"자주먹는 불닭 볶음면 시중보다 싸게 구입했어요
자주먹는 불닭 볶음면 시중보다 싸게 구입했어요",가격 언급
농심 신라면 120g,"라면 좋아해서 두종류샀어요
라면 좋아해서 두종류샀어요",여러 개 구매
농심 신라면 120g,"세일하길래 두개나 샀네요
세일하길래 두개나 샀네요",여러 개 구매
농심 농심육개장사발면 육개장 사발면 86g,"상가집인줄.. 한번에 두박스 샀어요
상가집인줄.. 한번에 두박스 샀어요",여러 개 구매
농심 안성탕면 125g,"행사하길래 두묶음 샀어요^^
행사하길래 두묶음 샀어요^^",여러 개 구매
오뚜기 열 라면 120g,"두개사면 세일해서 샀어요
두개사면 세일해서 샀어요",여러 개 구매
삼양 삼양라면 120g,"라면 좋아해서 두종류샀어요ㅎ
라면 좋아해서 두종류샀어요ㅎ",여러 개 구매
오뚜기 컵누들 매콤한맛 37.8g,"두번째 구매합니다
두번째 구매합니다",여러 개 구매
오뚜기 진라면컵 매운맛 65g,"행사해서 두박스 구매합니다!
행사해서 두박스 구매합니다!",여러 개 구매
농심 큰사발 튀김우동 111g,"마니파세요. 두번째 구매입니다
마니파세요. 두번째 구매입니다",여러 개 구매
농심 사리곰탕면 110g,"한꺼번에 두봉째 샀
한꺼번에 두봉째 샀",여러 개 구매
농심 신라면 120g,"포장이 라면을 보호할수 있도록 별도포장이 되어서 보내주시면 더욱 좋을것 같네요 유통기한은 넉넉하니 좋습니다
포장이 라면을 보호할수 있도록 별도포장이 되어서 보내주시면 더욱 좋을것 같네요 유통기한은 넉넉하니 좋습니다",꼼꼼한 포장
농심 농심육개장사발면 육개장 사발면 86g,"포장이 잘 되어 있고 유통기한이 넉넉해서 좋아요
포장이 잘 되어 있고 유통기한이 넉넉해서 좋아요",꼼꼼한 포장
농심 농심육개장사발면 육개장 사발면 86g,"유통기한이 넉넉하고 포장도 꼼꼼삽니다
유통기한이 넉넉하고 포장도 꼼꼼삽니다",꼼꼼한 포장
오뚜기 진라면 매운맛 120g,"유효기간도 적당하고 포장도 잘 되어 왔습니다
유효기간도 적당하고 포장도 잘 되어 왔습니다",꼼꼼한 포장
농심 안성탕면 125g,"유통기한이 넉넉하고 포장도 꼼꼼삽니다
유통기한이 넉넉하고 포장도 꼼꼼삽니다",꼼꼼한 포장
삼양 불닭볶음면 140g,"최근 나온 포장으로 유통기한이 충분한 제품으로 받았습니다.
최근 나온 포장으로 유통기한이 충분한 제품으로 받았습니다.",꼼꼼한 포장
농심 농심김치사발면 김치 사발면 86g,"포장 잘되어 있고 유통기한이 넉넉해서 좋아요
포장 잘되어 있고 유통기한이 넉넉해서 좋아요",꼼꼼한 포장
오뚜기 진짬뽕 130g,"유통기한이 넉넉하고 포장도 꼼꼼삽니다
유통기한이 넉넉하고 포장도 꼼꼼삽니다",꼼꼼한 포장
오뚜기 참깨라면 110g,"유통기한도 넉넉하게하고 박스도 깨끗하게 잘왔습니다!
유통기한도 넉넉하게하고 박스도 깨끗하게 잘왔습니다!",꼼꼼한 포장
농심 사리곰탕면 110g,"유통기한이 넉넉하고 포장도 꼼꼼삽니다
유통기한이 넉넉하고 포장도 꼼꼼삽니다",꼼꼼한 포장
오뚜기 진라면 매운맛 120g,"제가 제일 좋아하는 라면입니다 없으면 못살아요
제가 제일 좋아하는 라면입니다 없으면 못살아요",좋아요
농심 안성탕면 125g,"농심 라면 중에 제일 좋아하는 라면입
농심 라면 중에 제일 좋아하는 라면입니다",좋아요
농심 얼큰한 너구리 120g,"가장 좋아하는 라면이에요
가장 좋아하는 라면이에요",좋아요
오뚜기 진라면 순한맛 120g,"진라면 다들 좋아하는 라면입니다
진라면 다들 좋아하는 라면입니다",좋아요
팔도 틈새라면 빨계떡 120g,"제일 좋아하는 라면 ~~싸게 잘 귑햇어요~~
제일 좋아하는 라면 ~~싸게 잘 귑햇어요~~",좋아요
오뚜기 참깨라면 115g,"막내가 아주 좋아하는 라면입니다.
막내가 아주 좋아하는 라면입니다.",좋아요
오뚜기 참깨라면 115g,"개인적으로 좋아하는 라면이에요
개인적으로 좋아하는 라면이에요",좋아요
농심 신라면 건면 97g,"신랑이 좋아하는 라면입니다~
신랑이 좋아하는 라면입니다~",좋아요
농심 오징어짬뽕 124g,"가장 좋아하는 라면.
가장 좋아하는 라면.",좋아요
농심 사리곰탕면 110g,"개인적으로 좋아하는 라면 순한 라면
개인적으로 좋아하는 라면 순한 라면 찾으시면 추천",좋아요
농심 얼큰한 너구리 120g,"보통입니다
보통입니다",보통이다
농심 얼큰한 너구리 120g,"보통
보통",보통이다
오뚜기 열 라면 120g,"그럭저럭 보통 정도입니다.
그럭저럭 보통 정도입니다.",보통이다
오뚜기 열 라면 120g,"보통,,,
보통,,,",보통이다
농심 신라면 65g,"보통입니다.
보통입니다.",보통이다
삼양 삼양라면 120g,"보통입니다!
보통입니다!",보통이다
삼양 삼양라면 120g,"보통임
보통임",보통이다
오뚜기 진라면 순한맛 120g,"보통
보통",보통이다
농심 농심김치사발면 김치 사발면 86g,"보통
보통",보통이다
오뚜기 육개장 104g,"보통입니다
보통입니다 보통입니다 보통입니다 보통입니다 보통입니다",보통이다
농심 농심육개장사발면 육개장 사발면 86g,"사무실에서 배고플때 간단히 먹기 좋아요
사무실에서 배고플때 간단히 먹기 좋아요",사무실용
농심 농심육개장사발면 육개장 사발면 86g,"사무실에서 직원들과 나누어먹기에는 최고인듯합니다
사무실에서 직원들과 나누어먹기에는 최고인듯합니다",사무실용
농심 농심김치사발면 김치 사발면 86g,"사무실에서 간편하게 먹을때 좋아요.
사무실에서 간편하게 먹을때 좋아요.",사무실용
농심 농심김치사발면 김치 사발면 86g,"사무실에서직원들출출할때먹고있어요한번씩할인할때쟁여두기좋아요하나씩먹기편해요
사무실에서직원들출출할때먹고있어요한번씩할인할때쟁여두기좋아요하나씩먹기편해요",사무실용
농심 농심김치사발면 김치 사발면 86g,"사무실에 갔다놓고 출출할때 한개씩 먹기 좋아요
사무실에 갔다놓고 출출할때 한개씩 먹기 좋아요",사무실용
삼양 불닭볶음면 큰컵 105g,"사무실에서 심심할때 먹으려 주문했어요 젊은사람들 출출할...
사무실에서 심심할때 먹으려 주문했어요
젊은사람들 출출할땨 먹으라고 주뭉했어요
좋아하네요",사무실용
오뚜기 육개장 104g,"사무실에서 식사대용이나 간식으로 잘 먹고 있습니다.
사무실에서 식사대용이나 간식으로 잘 먹고 있습니다.",사무실용
오뚜기 육개장 104g,"사무실에서 간식 혹은 식사대용으로 애용중
사무실에서 간식 혹은 식사대용으로 애용중",사무실용
팔도 왕뚜껑 110g,"사무실에서 먹는 비상식량이예요
사무실에서 먹는 비상식량이예요",사무실용
오뚜기 컵누들 우동맛 38.1g,"보통이에요
간단하게 먹을수 있어서 좋아요아침을 걸렀을때 사무실에서 간단히 먹을수 있어요",사무실용
농심 신라면 120g,"네이버 장보기 처음 이용했는데 편리하네요네이버 포인트도 받을 수 있어서 좋아요ㅎㅎ다만 목록 보는 게 너무 광범위해서직접 장보는 거에 비해 조금 불편하긴 하네요
네이버 장보기 처음 이용했는데 편리하네요
네이버 포인트도 받을 수 있어서 좋아요ㅎㅎ
다만 목록 보는 게 너무 광범위해서
직접 장보는 거에 비해 조금 불편하긴 하네요",네이버 장보기
농심 신라면 120g,"네이버 장보기 이마트몰 잘 이용하고 있습니다 포인트 적립도 잘되고 만족합니다
네이버 장보기 이마트몰 잘 이용하고 있습니다 포인트 적립도 잘되고 만족합니다",네이버 장보기
농심 농심육개장사발면 육개장 사발면 86g,"네이버 장보기 이마트몰 잘 이용하고 있습니다 포인트 적립도 잘되고 만족합니다
네이버 장보기 이마트몰 잘 이용하고 있습니다 포인트 적립도 잘되고 만족합니다",네이버 장보기
오뚜기 진라면 매운맛 120g,"네이버 장보기 이마트몰 잘 이용하고 있습니다 포인트 적립도 잘되고 만족합니다
네이버 장보기 이마트몰 잘 이용하고 있습니다 포인트 적립도 잘되고 만족합니다",네이버 장보기
농심 올리브 짜파게티 140g,"네이버 장보기 처음 이용했는데 편리하네요네이버 포인트도 받을 수 있어서 좋아요ㅎㅎ다만 목록 보는 게 너무 광범위해서직접 장보는 거에 비해 조금 불편하긴 하네요
네이버 장보기 처음 이용했는데 편리하네요
네이버 포인트도 받을 수 있어서 좋아요ㅎㅎ
다만 목록 보는 게 너무 광범위해서
직접 장보는 거에 비해 조금 불편하긴 하네요",네이버 장보기
오뚜기 열 라면 120g,"네이버 장보기 이마트몰 잘 이용하고 있습니다 포인트 적립도 잘되고 만족합니다
네이버 장보기 이마트몰 잘 이용하고 있습니다 포인트 적립도 잘되고 만족합니다",네이버 장보기
오뚜기 열 라면 120g,"네이버 장보기 이마트몰 포인트 적립도 잘되고 잘 이용하고 있습니다
네이버 장보기 이마트몰 포인트 적립도 잘되고 잘 이용하고 있습니다",네이버 장보기
삼양 삼양라면 120g,"네이버 장보기 이마트몰 포인트 적립도 잘되고 잘 이용하고 있습니다
네이버 장보기 이마트몰 포인트 적립도 잘되고 잘 이용하고 있습니다",네이버 장보기
농심 농심김치사발면 김치 사발면 86g,"네이버 장보기 이마트몰 잘 이용하고 있습니다 포인트 적립도 잘되고 만족합니다
네이버 장보기 이마트몰 잘 이용하고 있습니다 포인트 적립도 잘되고 만족합니다",네이버 장보기
농심 농심김치사발면 김치 사발면 86g,"네이버 장보기 이마트몰 포인트 적립도 잘되고 잘 이용하고 있습니다
네이버 장보기 이마트몰 포인트 적립도 잘되고 잘 이용하고 있습니다",네이버 장보기
농심 올리브 짜파게티 140g,"좋아요
오늘이 블랙데이라서 구매한건 아니지만 우연히 그렇게 되긴 했네요 가계에서 일하는 와이프와 대학 다니며 수업이 없는날 가계에서 엄마를 도와 알바를 하는 큰아들 점심때 먹을것이 마땅한게 있으면 끓여 먹으라고 구입을 합니다 라면중에 짜파게티랑 너구리를 좋아하는것 같아서 같이 구입 합니다",좋아요
농심 얼큰한 너구리 120g,"좋아요
우리가족은 라면은 보통 삼양라면을 자주 먹기는 하는데 너구리는 예전부터 좋아하고 즐겨 먹었었는데 요즘에는 면발이 좀 가늘어지고 했지만 그래도 와이프와 아이들은 좋아해서 가계에서 점심으로 끓여 먹으라고 구입해서 보냅니다 큰아들이 그러지 않아도 마트에서 살까 했는데 구입했다고 좋아하네요",좋아요
농심 얼큰한 너구리 120g,"좋아요
가계에서 일하는 와이프와 대학 다니며 수업이 없는날 가계에서 엄마를 도와 알바를 하는 큰아들 점심때 먹을것이 마땅한게 있으면 끓여 먹으라고 구입을 합니다 라면중에 짜파게티랑 너구리를 좋아하는것 같아서 같이 구입 합니다 나도 가끔 너구리를 끓여 먹는데 라면하고는 또다른 맛이라 가끔 즐깁니다",좋아요
삼양 불닭볶음면 140g,"가격이 예전에 비해 많이 올라서 아쉽지만 가족들이 매운...
가격이 예전에 비해 많이 올라서 아쉽지만 가족들이 매운음식을 워낙 좋아해서 다른 라면들도 좋아하지만 불닭볶음면도 필수로 있어야되는 라면이예요! 매콤한 음식이 땡길때나 육류를 먹을때 끓여서 함께 곁들어먹으면 꿀맛ㅋ 유통기한도 6월18일까지라서 넉넉해서 정말 맘에드네요",좋아요
오뚜기 열 라면 120g,"상품 잘 받았습니다.
우리 아이가 열라면에 닭걀 노른자 안 익혀서 비벼먹는거 넘 좋아해서 주문했습니다.저는 순두부 넣어 먹는게 맛있어요.",좋아요
삼양 삼양라면 120g,"좋아요
요즘 라면이 종류도 많고 가격도 천차만별인데 우리가족은 삼양라면 오리지널이 입맛에 맞아서 계속 이것만 구입해서 먹고 있어요 물론 내가 어릴적부터 먹던 라면이라 내가 자주먹어서 우리가족도ㅈ그렇게 됐는지는 모르겠지만 다른 라면보다 김치국물이나 다른것을 추가해서 끓여먹는데는 이라면이 제일 좋은것 같아요",좋아요
삼양 삼양라면 120g,"좋아요
요즘은 라면이 이곳저곳에서 나오고 맛도 여러종류가 나오는데 다른제품은 너무 맵던지 특화된 맛들이 있는 라면이라서 김치나 기타 다른것들을 넣고 끓이면 맛이 우리 가족들 입맛에는 맞지 않아서 계속 삼양라면을 구입해서 먹고 있는데 아들들이 방학이라 집에 있어서 자주 끓여 먹어서 다먹고 없다고 해서 또 구입을 합니다",좋아요
삼양 삼양라면 120g,"좋아요
여러종류의 라면을 먹어봤지만 김치를 넣고 끓이거나 이것저것 추가를 해서 끓여 먹기에는 삼양라면이 제일 좋은것 같아서 삼양라면을 주로 구입을 해서 먹는데 요즘 라면 값도 많이 올랐는데 이곳이 가장 저렴하게 판매를 하기에 구입을 합니다 괜찮은것 같네요",좋아요
삼양 삼양라면 120g,"좋아요
우리가족들이 라면을 좋아해서 그동안 여러 라면을 구입해서 먹었는데 우리가족 입맛에는 삼양라면이 가장 잘 맞는것 같아서 가끔씩 다른 라면도 구입해서 먹곤 하지만 거의 이라면을 먹는데 이번 여름휴가에 와이프는 가계를 운영해야 해서 집에 나혼자 있을때 끓여먹을려고 구입합니다 항상 먹던거니까 맛은 괜찮을것 같네요",좋아요
삼양 삼양라면 120g,"좋아요
우리가족은 라면을 자주 먹진 않지만 좋아해서 이라면 저라면 업체별로 종류별로 여러가지를 구입해서 먹어봤는데 오리지널로 끓여 먹거나 기타 다른걸 첨가해서 끓여먹기에는 삼양라면 오리지널이 가장 괜찮은것 같아서 계속 이 라면은 박스로 구입해서 먹고 있어요 전에 구입한것 다 먹어서 이번에도 한박스 구입합니다",좋아요
농심 신라면 120g,"가족들이 항상 먹는 제품입니다
가족들이 항상 먹는 제품입니다",가족이 좋아하는 
농심 안성탕면 125g,"우리 가족의 최애 라면이예요 쫄깃한 면발과 담백한 국물맛이 최고입니다
우리 가족의 최애 라면이예요 쫄깃한 면발과 담백한 국물맛이 최고입니다",가족이 좋아하는 
농심 올리브 짜파게티 140g,"짜장라면 중 최고의 맛은 짜파게티인거 같아요. 가족들 모두 좋아하는 라면이에요.
짜장라면 중 최고의 맛은 짜파게티인거 같아요. 가족들 모두 좋아하는 라면이에요.",가족이 좋아하는 
농심 올리브 짜파게티 140g,"가족들이 맛있게 잘먹었습니다
가족들이 맛있게 잘먹었습니다",가족이 좋아하는 
농심 얼큰한 너구리 120g,"아들과 저희 가족이 좋아하는 라면 종류입니다. 깔끔한 맛이 좋습니다.
아들과 저희 가족이 좋아하는 라면 종류입니다. 깔끔한 맛이 좋습니다.",가족이 좋아하는 
삼양 삼양라면 120g,"가족들이 삼양하면 맛있다고 합니다 자
가족들이 삼양하면 맛있다고 합니다 자주구매할듯",가족이 좋아하는 
삼양 삼양라면 120g,"가족들이 삼양라면만 즐겨 먹는답니다
가족들이 삼양라면만 즐겨 먹는답니다",가족이 좋아하는 
오뚜기 진라면 순한맛 120g,"우리 가족 입맛에는 순한맛이 딱입니다ㅎ
우리 가족 입맛에는 순한맛이 딱입니다ㅎ",가족이 좋아하는 
오뚜기 진라면컵 매운맛 65g,"가족이 좋아하는 진라면 매운맛 잘 샀어요~!
가족이 좋아하는 진라면 매운맛 잘 샀어요~!",가족이 좋아하는 
더본코리아 더본 빽쿡 빽라면 115g,"첨 먹어본 라면.. 맵기도 딱이야 면도 딱이라 가족모두 만족합니다
첨 먹어본 라면.. 맵기도 딱이야 면도 딱이라 가족모두 만족합니다",가족이 좋아하는 
농심 안성탕면 125g,"면은 쫄깃하고 국물은 진해요
면은 쫄깃하고 국물은 진해요",국물이 좋다
삼양 삼양라면 120g,"삼양라면 국물깔끔하네요
삼양라면 국물깔끔하네요",국물이 좋다
오뚜기 컵누들 매콤한맛 37.8g,"느끼하지 않고 깔끔한 국물에 당면이 면이라 밀가루부담없이 좋아요
느끼하지 않고 깔끔한 국물에 당면이 면이라 밀가루부담없이 좋아요",국물이 좋다
농심 농심김치사발면 김치 사발면 86g,"국물이 시원하고 깔끔해서 좋아요 출출
국물이 시원하고 깔끔해서 좋아요 출출할때 먹기에 딱입니다.",국물이 좋다
농심 신라면 건면 97g,"국물이 깨끗해요 면은 쫀득해요
국물이 깨끗해요 면은 쫀득해요",국물이 좋다
농심 신라면 건면 97g,"신라면 건면 국물이 깔끔하네요.
신라면 건면 국물이 깔끔하네요.",국물이 좋다
오뚜기 진라면컵 매운맛 65g,"깔끔하보 시원하네요
깔끔하보 시원하네요",국물이 좋다
오뚜기 진라면컵 매운맛 65g,"깔끔하고 국물이 시원해요..
깔끔하고 국물이 시원해요..",국물이 좋다
농심 오징어짬뽕 124g,"국물이 시원하고 쫄깃하며 좋아요
국물이 시원하고 쫄깃하며 좋아요",국물이 좋다
농심 사리곰탕면 110g,"고소하고 깔끔하네요
고소하고 깔끔하네요",국물이 좋다
농심 농심육개장사발면 육개장 사발면 86g,"행사할 때 구매~~
행사할 때 구매~~",세일할때 구매
농심 얼큰한 너구리 120g,"세일할때 사서 좋아요.
세일할때 사서 좋아요.",세일할때 구매
오뚜기 열 라면 120g,"세일할때 사놓는 라면
세일할때 사놓는 라면",세일할때 구매
삼양 삼양라면 120g,"간식으로 구매~~^^
간식으로 구매~~^^",세일할때 구매
삼양 삼양라면 120g,"구매 ㆍ
구매 ㆍ",세일할때 구매
삼양 삼양라면 120g,"구매 합니다
구매 합니다",세일할때 구매
오뚜기 진라면 순한맛 120g,"믿고 구매하는 상품
믿고 구매하는 상품",세일할때 구매
농심 농심김치사발면 김치 사발면 86g,"행사할 때 구매~~
행사할 때 구매~~",세일할때 구매
농심 오징어짬뽕 124g,"2개사면 세일해서 구입
2개사면 세일해서 구입",세일할때 구매
농심 오징어짬뽕 124g,"상품 수령.
상품 수령.",세일할때 구매
농심 안성탕면 125g,"경상도에서 사랑받는 라면
경상도에서 사랑받는 라면",좋아요
농심 안성탕면 125g,"라면은 사랑 인거 같아요.
라면은 사랑 인거 같아요.",좋아요
농심 얼큰한 너구리 120g,"너구리는 사랑이죠ㅎㅎ
너구리는 사랑이죠ㅎㅎ",좋아요
팔도 비빔면 130g,"비빔먼은 사랑입니다 누부나 좋아하는
비빔먼은 사랑입니다 누부나 좋아하는",좋아요
팔도 비빔면 130g,"비빔면 이랑 골뱅이는 사랑입니다^^
비빔면 이랑 골뱅이는 사랑입니다^^",좋아요
팔도 틈새라면 빨계떡 120g,"틈새는 사랑입니다.
틈새는 사랑입니다.",좋아요
농심 신라면 건면 97g,"항상먹던거에요 건면사랑
항상먹던거에요 건면사랑",좋아요
농심 신라면 건면 97g,"건면은 사랑입니다!!
건면은 사랑입니다!!",좋아요
오뚜기 진라면컵 매운맛 65g,"애정하는 라면입니다ㅎㅎㅎ
애정하는 라면입니다ㅎㅎㅎ",좋아요
농심 사리곰탕면 110g,"사리곰탕은 사랑입니다
사리곰탕은 사랑입니다",좋아요
농심 신라면 120g,"매운 맛이 적당하고 면발이 쫄깃하니
매운 맛이 적당하고 면발이 쫄깃하니 좋은데 기름이 넘 많이 떠서 안좋아요",좋아요
농심 안성탕면 125g,"안성탕면 맛 없습니다 기름이 넘 많아
안성탕면 맛 없습니다
기름이 넘 많아요",기름이 많다
농심 농심김치사발면 김치 사발면 86g,"기름이 너무 마나서
에고 겨울이 되니 따끈한 사발면 생각나 시켰는데 기름 엄청 나오고 김치맛 하나 안나여 ㅜㅜㅜ",기름이 많다
팔도 틈새라면 빨계떡 120g,"라면 중 좀 많이 매운 쪽..근데 기름이 많음..
라면 중 좀 많이 매운 쪽..근데 기름이 많음..",기름이 많다
농심 신라면 건면 97g,"너무 맛있어요 기름에 안튀겨서 더 좃ㅇ구요
너무 맛있어요 기름에 안튀겨서 더 좃ㅇ구요",기름이 많다
농심 신라면 건면 97g,"이직안먹어보았지만기름에튀기지않아서좋을꺼 같아요
이직안먹어보았지만기름에튀기지않아서좋을꺼 같아요",기름이 많다
농심 신라면 건면 97g,"기름에 튀기지 않아서 건강에는 더 좋을듯
기름에 튀기지 않아서 건강에는 더 좋을듯",기름이 많다
더본코리아 더본 빽쿡 빽라면 115g,"맛은 있는데 기름이 좀 많은 편이에요
맛은 있는데 기름이 좀 많은 편이에요",기름이 많다
더본코리아 더본 빽쿡 빽라면 115g,"맛있네요 호불호가 갈릴듣 기름이 많이뜨는편임
맛있네요 호불호가 갈릴듣 기름이 많이뜨는편임",기름이 많다
더본코리아 더본 빽쿡 빽라면 115g,"기름이 조금 많은 라면이에요~~
기름이 조금 많은 라면이에요~~",기름이 많다
농심 올리브 짜파게티 140g,"짜파게티는 다 아는맛이고 햄은 너무 짜서 정말로 놀랬어요..
짜파게티는 다 아는맛이고 햄은 너무 짜서 정말로 놀랬어요..",햄맛
농심 올리브 짜파게티 140g,"맛있어요 잘먹을께요 서비스로준햄은 ;;;;;;;
맛있어요 잘먹을께요 서비스로준햄은 ;;;;;;;",햄맛
삼양 삼양라면 120g,"순한라면 먹어보고 싶어서 사봤네요 햄
순한라면 먹어보고 싶어서 사봤네요
햄맛 좀 나는 것 같고 맛있게 먹었어요!",햄맛
삼양 삼양라면 120g,"행사중이기도 하고 요즘 다시 돌아온 햄맛 때문에 라면 최애중 하나입니다
행사중이기도 하고 요즘 다시 돌아온 햄맛 때문에 라면 최애중 하나입니다",햄맛
삼양 삼양라면 120g,"라면은 역시 삼양라면 햄 맛이랑 가는 면발이 취향 저격
라면은 역시 삼양라면 햄 맛이랑 가는 면발이 취향 저격",햄맛
삼양 삼양라면 120g,"아이가 좋아하는 라면이에요. 햄맛이 나죠
아이가 좋아하는 라면이에요. 햄맛이 나죠",햄맛
삼양 삼양라면 120g,"보통이에요
아직 먹기전엔데 레트로 포장이 귀엽네요 삼양라면 햄맛나서 가끔 맛있게 먹어요",햄맛
삼양 삼양라면 120g,"햄맛이 나는 국물의 라면.호불호가 갈려요
햄맛이 나는 국물의 라면.호불호가 갈려요",햄맛
삼양 삼양라면 120g,"라면
햄맛 ㅡㅡㅡㅡㅡㅡㅡㅡㅡㅡㅡㅡ",햄맛
삼양 삼양라면 120g,"오리지널이라 구매. 햄의 맛이 강함
오리지널이라 구매. 햄의 맛이 강함",햄맛
오뚜기 진라면 매운맛 120g,"보통이에요
매콤해서 좋아요. 느끼한맛을 조금만 빼면 더좋겠어요박스로 사니 식량창고가 가득하네요",좋아요
농심 올리브 짜파게티 140g,"박스로 구입해서 먹으면 대만족좋아요
박스로 구입해서 먹으면 대만족
좋아요",좋아요
오뚜기 열 라면 120g,"맛있어요
열라면 맛있어서 1박스 구매 좋아요.",좋아요
오뚜기 열 라면 120g,"좋아요
열라면 맛있어서 박스구입~^^",좋아요
농심 농심김치사발면 김치 사발면 86g,"박스라서 샀어요 좋아요 맛있어요
박스라서 샀어요 좋아요 맛있어요",좋아요
농심 농심김치사발면 김치 사발면 86g,"좋아요
육개장+김치다양하게주문했네요배송빨라서좋네요겁나큰박스2박스가와서 놀람!ㅋ맛은다아는맛이라ㅎ맛나게잘먹을께요",좋아요
삼양 불닭볶음면 큰컵 105g,"맛있어서 박스채로 구매합니다 ㅎ
맛있어서 박스채로 구매합니다 ㅎ",좋아요
팔도 왕뚜껑 110g,"맛있어요
그릇이 넓어서 먹기 편하고 좋아요 박스로 사니까 오래 먹겠어요",좋아요
농심 사리곰탕면 110g,"사리곰탕면을 식구들이 잘먹어서 구입했는데박스로사니까 넉넉해서 좋아요.
사리곰탕면을 식구들이 잘먹어서 구입했는데
박스로사니까 넉넉해서 좋아요.",좋아요
오뚜기 루픽 이천수 주먹감자라면 120g,"라면 각1개씩 종이박스포장 ㅋㅋ라면 맛있었음 좋겠어요
라면 각1개씩 종이박스포장 ㅋㅋ
라면 맛있었음 좋겠어요",좋아요
농심 신라면 120g,"제품명과 봉지크기는 유지되고 있으나가격은 계속 오르고면은 계속 작아지고 건더기스프는 부실해지는 마법의 라면이지만가족이 좋아해서 구매합니다
제품명과 봉지크기는 유지되고 있으나
가격은 계속 오르고
면은 계속 작아지고
건더기스프는 부실해지는
마법의 라면이지만
가족이 좋아해서 구매합니다",양에 대한 언급
오뚜기 육개장 104g,"기존이 86g 짜리 였는데 용량이 104g 로 증가했음...
기존이 86g 짜리 였는데 용량이 104g 로 증가했음에도 맛도 가격차이도 거의 그대로 입니다. 제품 자체는 만족합니다. 사업 번창하세요.",양에 대한 언급
오뚜기 육개장 104g,"기존이 86g 짜리 였는데 용량이 104g 로 증가했음...
기존이 86g 짜리 였는데 용량이 104g 로 증가했음에도 가격차이는 거의 그대로 입니다. 제품 자체는 만족합니다. 사업 번창하세요.",양에 대한 언급
오뚜기 육개장 104g,"기존대비 용량이 86g에서 104g 로 증가했음에도 맛...
기존대비 용량이 86g에서 104g 로 증가했음에도 맛과 가격차이는 거의 그대로 입니다. 제품 자체는 만족합니다. 사업 번창하세요.",양에 대한 언급
오뚜기 육개장 104g,"기존 용량이 86g 짜리 였는데 104g 로 증가했음에...
기존 용량이 86g 짜리 였는데 104g 로 증가했음에도 가격차이는 거의 그대로 입니다. 제품 자체는 만족합니다. 사업 번창하세요.",양에 대한 언급
오뚜기 육개장 104g,"기존 86g 짜리에서 용량이 104g 로 증가했음에도 ...
기존 86g 짜리에서 용량이 104g 로 증가했음에도 가격차이는 거의 그대로 입니다. 제품 자체는 만족합니다. 사업 번창하세요.",양에 대한 언급
오뚜기 육개장 104g,"기존대비 용량이 86에서 104g 로 증가했음에도 가격...
기존대비 용량이 86에서 104g 로 증가했음에도 가격차이는 거의 그대로 입니다. 제품 자체는 만족합니다. 사업 번창하세요.",양에 대한 언급
오뚜기 육개장 104g,"가격은 거의 그대로인데 양이 늘어나서 제품 자체는 가성...
가격은 거의 그대로인데 양이 늘어나서 제품 자체는 가성비로 매우 좋습니다. 사업 번창하세요.",양에 대한 언급
오뚜기 육개장 104g,"기존이 86g 짜리 였는데 용량이 104g 로 증가했음...
기존이 86g 짜리 였는데 용량이 104g 로 증가했음에도 가격차이는 거의 그대로 입니다. 만족합니다. 사업 번창하세요.",양에 대한 언급
오뚜기 육개장 104g,"기존이 86g 짜리 였는데 용량이 104g 로 증가했음...
기존이 86g 짜리 였는데 용량이 104g 로 증가했음에도 가격차이는 거의 그대로 입니다. 사업 번창하세요.",양에 대한 언급
오뚜기 육개장 104g,"기존이 86g 짜리 였는데 용량이 104g 로 증가했음...
기존이 86g 짜리 였는데 용량이 104g 로 증가했음에도 가격차이는 거의 그대로 입니다. 제품 자체는 만족합니다.",양에 대한 언급
농심 신라면 120g,"라면 값도 오른데서 삽니다ㅜㅜ
라면 값도 오른데서 삽니다ㅜㅜ",가격 언급
농심 신라면 120g,"라면값이 많이 올랐네요ㅠㅠ
라면값이 많이 올랐네요ㅠㅠ",가격 언급
농심 안성탕면 125g,"라면값도 많이 올랐어요
라면값도 많이 올랐어요",가격 언급
농심 안성탕면 125g,"잘 받았어요 라면값이 많이 올랐네요
잘 받았어요 라면값이 많이 올랐네요",가격 언급
오뚜기 열 라면 120g,"라면값이 많이 올랐네요
라면값이 많이 올랐네요",가격 언급
농심 신라면 65g,"라면값인상으로 대비했어요
라면값인상으로 대비했어요",가격 언급
삼양 삼양라면 120g,"이제 라면값도 올랐어요. 서민들 어찌 살라고 ..
이제 라면값도 올랐어요. 서민들 어찌 살라고 ..",가격 언급
오뚜기 진라면 순한맛 120g,"라면값 많이 올랐네요
라면값 많이 올랐네요",가격 언급
농심 큰사발 튀김우동 111g,"라면값이 많이 올랐군요
라면값이 많이 올랐군요",가격 언급
농심 사리곰탕면 110g,"라면값이 많이 올랐네요
라면값이 많이 올랐네요",가격 언급
농심 신라면 120g,"그냥그냥 보통입니다
그냥그냥 보통입니다",보통이다
농심 농심육개장사발면 육개장 사발면 86g,"그냥 평범한 육개장 라면이다
그냥 평범한 육개장 라면이다",보통이다
농심 농심육개장사발면 육개장 사발면 86g,"그냥그냥 보통입니다
그냥그냥 보통입니다",보통이다
농심 안성탕면 125g,"그냥 평범합니다..
그냥 평범합니다..",보통이다
농심 올리브 짜파게티 140g,"그냥그냥 보통입니다
그냥그냥 보통입니다",보통이다
삼양 삼양라면 120g,"오랜만에 시켜봤는데 그냥 평범해요~
오랜만에 시켜봤는데 그냥 평범해요~",보통이다
삼양 삼양라면 120g,"그냥 평범한 라면 입니다
그냥 평범한 라면 입니다",보통이다
농심 농심김치사발면 김치 사발면 86g,"농심 김치사발면 평범합니다.
농심 김치사발면 평범합니다.",보통이다
더본코리아 더본 빽쿡 빽라면 115g,"평범한 라면 입니다. 특별하진 않아요
평범한 라면 입니다. 특별하진 않아요",보통이다
더본코리아 더본 빽쿡 빽라면 115g,"그냥평범했어유ㅋㅋㅋ
그냥평범했어유ㅋㅋㅋ",보통이다
더본코리아 더본 빽쿡 빽라면 115g,"기대를 넘 많이 했나봐여너무 평범한 라면이네여
기대를 넘 많이 했나봐여
너무 평범한 라면이네여",보통이다
농심 농심육개장사발면 육개장 사발면 86g,"육개장 좋아 하는 라면입니다
육개장 좋아 하는 라면입니다",좋아요
농심 올리브 짜파게티 140g,"오랫만에 먹어요. 오리지널이 제일 좋아요
오랫만에 먹어요. 오리지널이 제일 좋아요",좋아요
농심 얼큰한 너구리 120g,"오동통 너구리를 가장 좋아함 시캄 최고
오동통 너구리를 가장 좋아함 시캄 최고",좋아요
농심 얼큰한 너구리 120g,"제가 제일 좋아하는 너구리~~
제가 제일 좋아하는 너구리~~",좋아요
농심 얼큰한 너구리 120g,"내 사랑 너구리 좋아요
내 사랑 너구리 좋아요",좋아요
농심 얼큰한 너구리 120g,"가끔 너구리가 생각나네요~~라면들 사두니 좋네요~~
가끔 너구리가 생각나네요~~
라면들 사두니 좋네요~~",좋아요
농심 얼큰한 너구리 120g,"너구리 젤 좋아하는 라면입니다~~
너구리 젤 좋아하는 라면입니다~~",좋아요
농심 얼큰한 너구리 120g,"요 너구리는 제가 좋아함니다
요 너구리는 제가 좋아함니다",좋아요
오뚜기 참깨라면 115g,"신, 안성, 너구리와 함께 제 라면 목록 4대장입니다.
신, 안성, 너구리와 함께 제 라면 목록 4대장입니다.",좋아요
농심 오징어짬뽕 124g,"뿌뿌가 좋아하는 라면
뿌뿌가 좋아하는 라면",좋아요
